Course,Hrs Per Week,Interest in student learning,Instructor provides feedback to students to improve,Explains subject matter of course,Show respect for all students,Overall teaching rate,Overall course rate
02-000,12.555,4.5,4.109999999999999,4.335,4.78,4.5,4.5
02-201,12.5,4.5,3.5,3.0,5.0,3.0,2.5
02-250,9.46,4.5600000000000005,4.28,4.15,4.87,4.145,3.98
02-251,13.5,4.65,3.9499999999999997,4.25,4.85,4.4,4.15
02-261,6.71,4.86,4.86,4.71,5.0,4.57,4.71
02-450,8.0,3.0,3.0,4.0,4.0,4.0,4.0
02-510,11.0,3.67,3.67,3.835,4.335,3.5,3.33
02-604,15.0,4.47,4.26,4.68,4.63,4.53,4.53
02-613,9.5,4.0,3.0,3.5,4.5,3.0,3.0
02-710,9.36,4.18,4.045,4.045,4.775,3.91,4.0
02-715,10.33,4.67,4.56,4.56,4.78,4.78,5.0
02-750,10.17,3.11,3.17,3.39,3.67,3.0,3.0
02-760,6.2,4.4,4.4,4.4,4.8,4.4,4.4
03-117,5.135,4.645,4.32,4.385,4.725,4.615,4.795
03-121,7.195,4.404999999999999,4.05,3.975,4.68,3.83,3.825
03-124,9.625,4.375,3.415,3.875,4.415,3.665,3.96
03-132,13.0,4.375,4.625,4.5,4.625,4.625,4.5
03-133,15.33,5.0,4.8,5.0,5.0,5.0,5.0
03-161,8.33,4.29,3.71,4.05,4.33,3.86,3.67
03-202,2.75,4.0,3.75,4.5,4.5,4.25,4.0
03-206,2.0,4.0,2.0,4.0,5.0,3.0,2.0
03-221,8.0,5.0,5.0,5.0,5.0,5.0,5.0
03-230,15.75,5.0,4.5,4.5,5.0,4.75,4.5
03-231,9.67,3.5999999999999996,3.21,3.2800000000000002,3.94,3.235,3.115
03-232,9.18,4.57,4.11,4.36,4.82,4.36,4.21
03-240,12.43,4.86,4.14,4.86,4.86,4.71,4.43
03-330,12.0,3.86,3.57,4.14,4.29,3.71,3.71
03-344,16.15,4.715,4.51,4.665,4.375,4.71,4.5
03-346,16.5,4.83,4.25,4.5,5.0,4.58,4.33
03-350,6.67,4.67,4.22,4.89,4.44,4.67,4.44
03-362,9.0,4.33,4.33,4.33,4.67,4.33,4.33
03-363,6.6,4.14,3.28,3.95,4.35,3.74,3.58
03-366,8.6,4.2,3.4,4.07,4.13,3.87,3.73
03-390,7.25,4.88,4.5,4.88,5.0,4.755,4.88
03-391,6.75,4.67,4.17,4.08,4.58,4.42,4.33
03-409,5.75,5.0,4.5,5.0,4.75,4.75,4.5
03-410,11.0,5.0,3.67,5.0,5.0,5.0,4.67
03-445,8.0,4.0,3.0,4.0,3.0,4.0,4.0
03-713,7.73,4.86,4.82,4.5,5.0,4.77,4.68
03-728,6.369999999999999,4.9,4.73,5.0,5.0,4.9,4.93
03-730,7.175,4.875,4.715,4.84,4.9399999999999995,4.825,4.79
03-741,5.82,4.91,4.045,4.82,4.91,4.91,4.82
03-757,11.0,4.67,3.33,5.0,5.0,4.33,4.0
03-763,7.42,4.61,3.94,4.59,4.53,4.35,4.25
03-791,7.4,4.9,4.525,4.5,4.9,4.6,4.699999999999999
04-602,8.1,4.699999999999999,4.665,4.6,4.965,4.565,4.3
04-605,10.57,4.29,4.43,4.43,4.57,4.43,4.43
04-613,12.29,4.86,4.43,4.71,4.86,4.71,4.57
04-630,16.695,4.865,4.779999999999999,4.865,4.695,4.795,4.82
04-800,10.5,5.0,4.86,4.86,4.86,5.0,5.0
04-801,9.745000000000001,4.645,4.515000000000001,4.705,4.755,4.59,4.58
04-900,24.71,4.0,4.0,4.14,4.29,4.29,4.0
04-980,8.0,5.0,5.0,4.67,5.0,4.67,4.33
05-292,11.67,4.5,4.5,4.33,4.67,4.5,4.67
05-317,8.9,4.89,4.8,4.4,5.0,4.8,4.3
05-320,7.25,4.75,4.5,4.75,4.83,4.75,4.67
05-391,8.24,4.68,4.44,4.75,4.81,4.75,4.69
05-392,9.190000000000001,4.45,4.73,4.25,4.67,4.515000000000001,4.165
05-395,5.0,5.0,5.0,5.0,5.0,4.0,5.0
05-410,13.969999999999999,4.13,3.785,4.029999999999999,4.47,4.035,3.535
05-418,8.93,4.07,4.0,4.23,4.38,3.85,4.0
05-434,8.0,4.0,4.0,4.0,5.0,4.0,4.0
05-452,8.525,3.6100000000000003,3.955,3.885,4.355,3.71,3.7199999999999998
05-470,9.0,4.33,4.165,4.0,4.67,4.0,4.0
05-499,7.25,3.88,3.13,4.13,4.88,4.25,4.13
05-540,8.0,4.0,4.5,4.0,4.5,4.0,4.0
05-571,10.5,4.555,3.855,4.220000000000001,4.835,4.279999999999999,4.275
05-610,14.43,4.71,4.57,4.71,4.57,4.57,4.43
05-617,9.31,3.88,4.13,3.56,4.25,3.94,3.63
05-640,8.32,4.63,4.63,4.74,5.0,4.53,4.53
05-650,9.525,4.585,4.5,4.390000000000001,4.574999999999999,4.390000000000001,4.165
05-652,7.25,3.19,3.19,3.375,3.815,3.19,2.755
05-670,10.37,4.345000000000001,4.395,4.21,4.66,4.135,4.12
05-671,14.56,4.22,4.22,4.25,4.25,4.22,4.2
05-672,23.43,4.3,4.19,4.2,4.38,4.3,4.22
05-681,19.0,4.07,3.965,3.715,4.325,3.8600000000000003,3.715
05-682,24.29,4.215,4.145,3.925,4.575,3.855,3.6399999999999997
05-688,11.0,4.67,5.0,4.33,5.0,4.67,4.67
05-692,10.125,4.29,4.415,4.71,4.585,4.415,4.415
05-748,6.0,4.0,4.0,4.17,4.5,3.67,3.67
05-772,8.33,4.78,4.44,4.33,5.0,4.56,4.67
05-773,6.64,4.09,4.0,4.27,4.27,4.09,4.0
05-818,13.25,4.5,4.63,4.5,5.0,4.0,4.29
05-820,8.38,4.63,5.0,4.88,5.0,4.88,4.75
05-823,9.45,3.64,3.64,4.45,4.73,3.91,3.73
05-834,8.21,4.29,3.93,3.86,4.64,3.79,3.93
05-840,10.85,4.31,3.38,4.08,4.46,4.0,3.62
05-872,12.33,3.5,3.165,3.5,4.5,3.5,3.33
05-891,8.33,4.78,4.67,4.67,4.78,4.78,4.78
05-897,5.965,4.93,4.785,4.785,4.855,4.855,4.645
05-898,6.0,4.47,3.82,3.67,4.82,3.47,3.47
05-899,10.75,4.635,4.585,4.5,4.605,4.3149999999999995,4.375
05-988,27.0,5.0,5.0,5.0,5.0,5.0,5.0
06-052,15.11,4.89,4.22,4.67,4.89,4.78,4.44
06-100,7.67,4.78,4.44,4.11,4.89,4.33,4.33
06-261,9.43,4.71,4.52,4.62,4.95,4.67,4.48
06-262,11.645,3.96,3.265,3.385,4.234999999999999,3.425,3.3049999999999997
06-361,8.8,4.53,4.13,3.8,4.73,3.67,3.6
06-363,7.65,4.71,4.06,3.94,4.65,4.12,3.94
06-364,11.08,4.125,3.425,3.84,3.9699999999999998,3.565,3.8449999999999998
06-462,8.33,4.72,4.33,4.67,4.78,4.78,4.61
06-463,8.79,4.79,4.43,4.21,4.89,4.64,3.96
06-464,7.38,3.83,2.96,3.13,4.38,2.96,2.83
06-606,15.5,4.13,3.63,4.0,4.5,4.13,4.25
06-607,9.875,4.4399999999999995,4.1899999999999995,4.38,4.6899999999999995,4.4399999999999995,4.505
06-663,11.97,4.63,4.2,3.87,4.77,3.9,3.87
06-665,14.46,3.08,2.92,2.73,3.46,2.73,2.92
06-679,6.2,4.4,4.2,3.6,5.0,3.8,3.6
06-704,11.0,4.88,4.25,4.38,4.88,4.75,4.25
06-714,10.67,4.33,4.11,4.78,5.0,4.56,4.44
06-720,11.36,3.93,3.5,4.5,4.71,4.14,3.86
06-802,11.0,4.35,4.05,4.0,4.65,4.2,4.1
07-180,5.28,3.91,3.52,3.74,4.74,3.61,3.55
09-101,5.6,4.08,4.0,4.0,4.33,4.17,3.83
09-105,12.875,4.5,4.5,4.5,4.52,4.5,3.875
09-106,9.29,4.08,3.79,3.95,4.36,3.82,3.74
09-110,6.2,5.0,4.300000000000001,4.6,5.0,4.5,4.2
09-204,2.4050000000000002,4.67,4.5649999999999995,4.535,4.9399999999999995,4.73,4.41
09-208,11.46,4.27,3.96,4.27,4.54,4.27,4.12
09-217,11.7,4.9,4.635,4.9,5.0,5.0,4.8
09-218,10.7,4.529999999999999,4.5649999999999995,4.5,4.665,4.335,4.335
09-220,8.63,4.92,4.68,4.865,4.95,4.89,4.89
09-221,17.22,4.13,3.41,3.68,3.14,3.64,3.41
09-222,12.13,4.56,3.88,4.75,4.69,4.44,4.31
09-322,12.43,4.5,3.5,4.285,4.785,4.215,4.07
09-331,10.33,3.56,3.11,3.22,4.11,3.33,2.67
09-345,9.13,3.25,2.88,2.88,4.38,2.88,3.0
09-348,6.86,3.57,3.0,2.95,4.29,2.9,2.9
09-425,9.0,5.0,4.67,4.67,5.0,4.67,4.67
09-502,14.0,4.5,4.25,4.5,4.5,4.5,4.75
09-510,5.5,4.83,4.5,4.67,4.83,4.5,4.83
09-611,8.6,4.4,3.8,4.4,5.0,4.4,4.4
09-612,9.0,4.67,4.67,4.67,4.67,4.67,4.67
09-707,13.0,4.67,4.33,4.67,5.0,4.67,4.67
09-710,7.5,4.5,3.5,4.67,4.83,4.33,4.17
09-714,12.67,4.5,4.0,4.67,4.83,4.5,4.33
09-737,7.5,3.5,3.0,2.83,3.83,3.0,3.0
09-741,11.0,4.75,4.5,5.0,4.75,5.0,5.0
09-760,8.0,5.0,5.0,5.0,5.0,5.0,5.0
09-763,12.75,4.25,4.0,3.75,4.75,4.25,3.75
09-861,24.63,4.57,4.43,4.57,4.71,4.71,4.71
10-301,13.190000000000001,4.805,3.94,4.5,4.95,4.68,4.36
10-315,8.41,3.3,2.84,3.0,3.88,2.96,3.0
10-335,9.5,4.67,3.83,4.17,4.83,4.0,4.0
10-403,14.57,4.29,3.36,3.79,4.64,3.5,4.0
10-405,12.4,4.2,3.8,4.0,4.4,3.8,3.2
10-601,15.13,4.84,4.65,4.76,4.87,4.8,4.74
10-605,12.705,4.42,4.16,4.375,4.65,4.345,4.135
10-615,9.62,4.69,4.18,3.67,4.92,3.92,4.0
10-701,14.87,3.71,3.41,3.16,4.56,3.0,3.16
10-707,13.075,4.265,4.215,4.43,4.71,4.345,4.335
10-708,15.575,3.755,3.495,3.7649999999999997,4.324999999999999,3.585,3.705
10-716,12.84,3.78,3.57,3.67,4.59,3.69,3.49
10-718,9.24,4.0,3.76,3.67,4.57,4.0,3.81
10-940,17.5,5.0,5.0,5.0,5.0,5.0,5.0
11-344,3.5,4.5,4.0,4.0,4.5,4.0,3.5
11-411,7.195,3.035,2.84,3.09,3.6550000000000002,2.875,2.375
11-422,14.0,3.0,1.5,3.0,2.5,2.5,2.0
11-423,6.5,5.0,4.25,5.0,5.0,4.5,4.5
11-442,9.5,5.0,4.5,5.0,5.0,5.0,5.0
11-546,6.5,4.5,3.5,4.5,5.0,4.5,4.5
11-611,9.875,4.04,3.875,3.915,4.359999999999999,3.965,3.735
11-623,10.625,5.0,4.5,4.5,4.75,4.5,4.75
11-634,11.434999999999999,4.505,4.345000000000001,4.415,4.6850000000000005,4.47,4.46
11-641,13.27,4.13,3.67,3.93,4.33,3.8,3.93
11-642,14.62,4.78,4.78,4.84,4.89,4.89,4.65
11-663,9.67,4.56,4.33,4.56,4.78,4.22,4.11
11-690,11.46,4.62,4.54,4.62,4.85,4.69,4.46
11-695,8.9,4.535,4.365,4.035,4.835,3.935,3.865
11-696,3.75,3.75,4.0,3.92,4.33,3.83,3.75
11-699,20.83,4.75,4.82,4.82,4.82,4.73,4.64
11-700,2.75,4.54,4.51,4.44,4.61,4.49,4.52
11-722,8.0,5.0,5.0,5.0,5.0,4.0,4.0
11-723,11.0,4.0,4.0,4.0,4.0,4.0,4.0
11-724,11.0,5.0,5.0,4.75,5.0,4.75,5.0
11-727,8.0,4.575,4.140000000000001,4.5,4.645,4.5,4.5
11-741,15.33,5.0,4.0,4.67,5.0,4.67,4.67
11-747,13.24,4.42,4.49,4.32,4.79,4.32,4.29
11-775,15.205,4.395,4.415,4.25,4.455,4.415,4.5
11-776,9.5,5.0,5.0,5.0,5.0,5.0,5.0
11-785,21.494999999999997,4.904999999999999,4.775,4.755,4.93,4.805,4.845000000000001
11-791,8.46,3.46,3.46,3.15,4.15,3.38,3.15
11-792,13.0,5.0,5.0,5.0,5.0,5.0,5.0
11-797,11.15,4.390000000000001,4.37,4.27,4.6899999999999995,4.225,4.32
11-821,8.75,4.5,4.5,4.5,4.5,4.5,4.5
11-823,6.5,5.0,5.0,5.0,5.0,5.0,4.5
11-830,10.75,4.125,3.625,3.5,4.21,3.75,3.29
11-935,6.0,5.0,5.0,5.0,5.0,5.0,5.0
11-936,20.0,5.0,5.0,5.0,5.0,5.0,5.0
12-100,5.17,4.06,3.88,4.41,4.73,4.2,3.98
12-201,5.29,4.86,4.43,4.81,5.0,4.71,4.38
12-216,3.0,5.0,5.0,4.83,5.0,5.0,4.67
12-231,7.52,3.77,3.26,4.23,4.29,3.94,3.74
12-232,8.52,4.62,4.0,4.0,4.0,4.0,3.62
12-271,6.27,4.58,4.0,3.96,4.81,3.96,3.81
12-351,7.6850000000000005,4.425000000000001,4.09,4.245,4.529999999999999,4.185,3.86
12-352,4.654999999999999,4.45,4.415,4.635,4.835,4.48,4.404999999999999
12-358,6.89,4.37,3.74,3.7,4.52,3.85,3.59
12-600,4.59,4.36,4.36,4.64,4.68,4.45,4.36
12-603,8.0,3.86,2.86,3.14,3.57,3.0,2.86
12-631,11.9,4.6,4.4,4.4,4.6,4.5,4.5
12-636,10.0,4.67,4.33,4.0,5.0,4.33,4.67
12-638,13.0,4.33,3.5,3.83,4.83,3.83,3.67
12-657,8.86,4.86,4.57,5.0,5.0,4.86,4.86
12-703,9.0,4.67,4.67,4.0,5.0,4.33,4.0
12-704,9.25,4.08,4.08,3.75,4.82,3.67,3.58
12-711,7.09,3.4850000000000003,3.205,3.62,3.965,3.42,3.225
12-714,13.11,4.17,4.0,3.67,4.67,3.44,3.61
12-718,11.25,4.08,4.5,4.0,4.33,3.83,3.75
12-724,14.0,4.78,4.56,4.56,4.89,4.78,4.67
12-725,13.13,4.81,4.69,4.81,5.0,4.88,4.81
12-726,10.33,4.72,4.61,4.72,4.94,4.78,4.56
12-728,8.0,5.0,5.0,4.75,5.0,4.75,4.5
12-735,9.69,4.19,4.25,4.25,4.5,4.13,4.13
12-745,8.6,4.2,3.8,3.8,4.2,3.8,3.6
12-749,6.76,4.59,4.14,4.55,4.69,4.55,4.59
12-750,10.09,3.94,3.76,3.94,4.455,3.94,4.029999999999999
12-757,14.22,3.89,3.67,3.89,4.44,4.11,3.67
12-761,11.37,4.47,4.47,4.26,4.68,4.47,4.32
12-768,11.0,5.0,4.5,5.0,5.0,5.0,5.0
12-794,2.0300000000000002,4.65,4.49,4.615,4.72,4.7,4.68
14-642,14.8,5.0,5.0,5.0,5.0,5.0,5.0
14-735,10.865,4.83,4.495,4.68,4.6899999999999995,4.7,4.615
14-736,12.955,4.3,3.9400000000000004,3.915,4.225,3.8150000000000004,3.8600000000000003
14-760,10.0,3.8,3.67,3.6,4.3,3.7,3.5
14-761,13.57,4.234999999999999,3.435,4.065,4.4,4.235,3.4000000000000004
14-776,8.375,4.445,4.66,4.375,4.73,4.225,4.255
14-782,6.86,4.125,3.77,4.215,4.525,4.1,3.545
14-788,7.57,3.5,3.04,3.18,3.82,3.0,2.79
14-812,9.5,5.0,4.5,4.0,5.0,4.0,3.5
14-813,6.5,5.0,5.0,5.0,5.0,5.0,5.0
14-814,11.0,5.0,5.0,5.0,5.0,5.0,4.5
14-815,7.4,4.4,3.6,4.2,4.2,3.8,4.0
14-819,16.905,4.52,3.635,4.845000000000001,4.885,4.404999999999999,4.404999999999999
14-820,15.9,3.6,3.85,3.95,4.55,3.95,4.05
14-822,9.74,5.0,5.0,4.95,4.95,5.0,5.0
14-828,10.0,4.33,4.67,4.67,4.67,4.5,4.5
14-832,14.0,5.0,5.0,5.0,5.0,5.0,5.0
14-841,10.14,4.14,4.43,4.29,4.57,4.29,4.14
15-106,5.6,4.27,4.13,4.0,4.47,4.07,4.0
15-110,15.135,4.37,3.87,4.38,4.515000000000001,4.12,3.895
15-112,17.45,4.54,4.32,4.56,4.71,4.46,4.51
15-122,13.42,4.24,4.07,4.0,4.49,4.03,3.86
15-150,11.2,4.52,4.04,4.5,4.72,4.4,4.26
15-210,12.77,3.67,3.67,3.89,4.09,3.33,3.68
15-213,15.9,4.37,4.05,4.4,4.4,4.45,4.23
15-251,16.41,3.84,3.51,3.93,4.3,3.78,3.83
15-259,11.12,5.0,4.73,4.97,4.85,4.97,4.88
15-292,6.41,4.94,4.12,4.88,5.0,4.94,4.76
15-294,9.33,3.89,3.56,3.67,3.89,3.56,3.56
15-295,4.18,4.64,4.5,4.7,4.6,4.6,4.7
15-296,4.57,4.0,3.57,3.71,3.57,3.29,3.29
15-312,12.325,4.445,4.26,4.105,4.890000000000001,4.1850000000000005,4.3
15-314,3.5,2.5,2.0,2.5,4.0,2.5,2.5
15-317,11.0,5.0,4.5,5.0,5.0,4.5,4.5
15-319,14.0,3.0,2.0,4.0,3.0,3.0,4.0
15-323,7.57,4.0,4.0,3.93,4.79,3.64,3.64
15-351,7.4,2.5,1.85,2.47,3.63,2.32,2.35
15-365,11.0,3.0,3.5,2.25,3.25,3.0,3.25
15-381,9.57,4.7,4.35,4.4,4.95,4.5,4.3
15-386,11.0,4.4,3.8,3.53,4.53,3.67,3.93
15-390,7.485,4.505,4.4350000000000005,4.165,4.555,4.195,4.119999999999999
15-394,10.0,3.83,3.67,3.83,4.0,3.67,4.0
15-400,10.675,4.915,4.915,4.915,5.0,4.74,4.825
15-410,24.45,4.685,4.619999999999999,4.625,4.705,4.555,4.805
15-418,11.93,4.095000000000001,3.965,4.215,4.32,3.9299999999999997,3.8550000000000004
15-440,12.88,4.52,4.33,4.44,4.66,4.38,4.39
15-441,18.9,4.65,3.9,4.5,4.65,4.45,3.9
15-451,11.29,4.6899999999999995,4.41,4.505,4.715,4.5,4.52
15-453,17.0,5.0,5.0,5.0,5.0,5.0,5.0
15-455,10.88,4.25,3.5,3.71,4.38,3.96,3.75
15-458,10.1,5.0,5.0,4.9,5.0,5.0,4.9
15-462,11.75,4.25,4.25,4.5,4.75,4.38,4.63
15-464,9.0,4.67,3.67,4.67,4.67,4.67,4.67
15-469,5.75,3.75,3.75,4.0,4.0,3.75,4.0
15-487,11.0,5.0,4.67,4.67,4.67,4.67,4.33
15-494,9.29,4.0,2.71,3.43,3.57,3.86,3.86
15-513,17.88,4.81,4.69,4.75,4.75,4.69,4.75
15-605,24.38,4.54,4.575,4.58,4.615,4.42,4.885
15-618,14.93,4.654999999999999,4.57,4.654999999999999,4.725,4.52,4.699999999999999
15-619,25.54,3.96,3.545,4.025,3.84,3.785,4.109999999999999
15-621,9.0,4.33,4.0,4.25,4.33,3.67,3.33
15-623,8.0,4.0,4.0,4.0,5.0,4.0,3.0
15-640,15.92,4.76,4.73,4.71,4.85,4.69,4.69
15-641,17.865000000000002,4.27,3.25,4.029999999999999,4.295,3.8649999999999998,3.49
15-650,10.14,4.0,4.0,4.0,4.57,4.14,4.14
15-651,12.205,4.765000000000001,4.68,4.62,4.705,4.65,4.65
15-652,14.0,4.67,4.665,4.5,5.0,4.165,4.67
15-659,14.0,5.0,5.0,5.0,5.0,5.0,5.0
15-662,15.54,4.38,4.15,4.23,4.92,4.23,4.38
15-664,11.25,4.5,4.25,4.75,5.0,4.5,4.5
15-686,12.43,4.86,4.71,4.57,5.0,4.71,4.57
15-694,11.0,4.5,4.5,4.0,4.5,4.5,4.0
15-712,8.46,4.69,4.0,4.77,4.69,4.77,4.77
15-719,15.41,4.29,4.07,4.37,4.52,4.3,4.22
15-721,12.94,5.0,4.63,5.0,4.94,5.0,4.94
15-745,10.3,4.4,3.75,4.25,4.8,4.15,3.95
15-750,14.75,4.27,3.8,3.79,4.33,3.73,3.73
15-780,10.72,4.345000000000001,3.81,4.42,4.645,4.289999999999999,4.255
15-812,6.0,4.67,3.5,4.67,4.67,4.67,4.33
15-819,5.0,4.33,3.67,4.67,4.67,4.33,4.33
15-858,11.0,4.9,4.0,4.7,5.0,4.8,4.9
15-859,4.77,4.92,4.54,4.85,5.0,4.77,4.77
15-869,6.0,4.67,5.0,5.0,5.0,4.67,4.67
15-880,8.6,5.0,4.6,5.0,5.0,5.0,5.0
15-998,27.0,4.33,4.33,4.33,4.33,4.33,4.33
16-264,7.33,4.0,3.67,3.56,4.56,3.89,3.78
16-299,10.1,4.1,3.4,4.0,4.5,4.0,3.9
16-311,18.26,4.26,3.96,3.91,4.26,4.09,4.04
16-350,10.54,4.77,4.69,4.92,4.92,4.92,4.92
16-376,10.4,4.5,4.5,4.3,4.4,4.4,4.5
16-385,12.18,4.26,3.59,4.18,4.76,4.0,3.85
16-455,6.875,4.5,4.125,4.125,4.375,4.5,4.375
16-467,7.36,3.96,4.07,4.0,4.105,4.075,4.105
16-474,10.25,4.38,4.25,4.5,4.63,4.5,4.5
16-621,14.565000000000001,4.43,4.6,4.43,4.575,4.5,4.404999999999999
16-662,10.9,4.7,3.89,4.0,4.87,4.1,3.97
16-681,17.45,4.52,4.71,4.17,4.79,4.24,4.31
16-697,7.48,4.66,4.72,4.38,4.76,4.48,4.52
16-711,10.53,4.24,3.55,4.11,4.76,4.08,3.92
16-720,13.96,4.08,3.81,4.16,4.46,4.08,4.21
16-725,10.14,4.71,4.0,4.0,5.0,3.71,4.14
16-730,2.0,5.0,5.0,4.0,5.0,4.67,5.0
16-745,8.0,4.5,4.5,4.5,5.0,4.5,4.5
16-761,13.0,4.14,4.43,4.0,4.57,4.0,4.14
16-778,24.0,3.5,2.75,2.75,4.0,3.0,3.0
16-785,7.0,4.67,4.67,5.0,5.0,5.0,5.0
16-791,12.31,3.85,3.54,4.15,4.15,3.92,3.54
16-823,9.88,4.75,4.5,4.88,5.0,4.63,4.63
16-824,13.835,3.5300000000000002,2.9450000000000003,3.615,4.26,3.7800000000000002,3.2
16-831,11.24,4.59,4.13,4.5,4.81,4.5,4.56
16-833,11.12,4.45,4.42,4.3,4.85,4.33,4.39
16-865,11.0,5.0,4.63,4.88,4.75,4.88,5.0
16-881,8.55,4.73,4.36,4.55,4.82,4.73,4.73
16-882,6.0,5.0,5.0,5.0,5.0,5.0,5.0
16-990,27.0,4.0,3.0,3.0,3.0,3.0,3.0
16-991,27.0,4.0,4.0,4.0,4.0,4.0,4.0
17-200,7.25,4.63,4.13,4.63,5.0,4.75,4.25
17-214,13.094999999999999,4.390000000000001,3.88,4.385,4.855,4.26,4.26
17-303,7.0,4.33,3.67,4.33,4.33,4.67,4.0
17-334,6.5,4.5,4.0,4.5,4.5,4.5,4.5
17-355,11.86,4.57,4.0,4.71,5.0,4.57,4.43
17-356,9.29,4.359999999999999,4.0,4.14,4.355,4.355,4.29
17-413,8.0,5.0,5.0,5.0,5.0,5.0,5.0
17-437,9.83,4.61,4.17,4.52,4.43,4.39,4.3
17-514,15.31,4.825,4.77,4.49,4.825,4.495,4.734999999999999
17-537,7.7,4.7,4.4,4.7,4.8,4.7,4.6
17-604,6.71,4.29,4.29,3.71,4.14,3.86,3.43
17-610,8.0,4.67,4.33,5.0,5.0,4.67,4.67
17-611,12.065000000000001,4.44,4.38,4.5,4.66,4.345,4.220000000000001
17-625,5.0,2.57,2.57,2.29,2.43,2.29,2.43
17-637,12.75,4.86,4.7,4.8,4.91,4.8,4.85
17-638,6.75,4.165,3.365,4.0,4.6,4.0,3.465
17-640,13.695,4.245,3.855,3.6799999999999997,4.43,3.965,3.64
17-646,8.0,4.67,4.5,4.5,4.83,4.5,4.5
17-648,9.65,2.29,2.35,2.29,3.53,2.18,2.29
17-649,11.899999999999999,4.5,4.0,4.699999999999999,4.8,4.300000000000001,4.2
17-653,11.25,4.0,3.25,3.25,4.0,3.75,3.5
17-654,17.6,4.48,4.25,4.36,4.6,4.48,4.36
17-655,11.5,3.85,3.8,4.0,4.04,4.04,3.65
17-657,4.9350000000000005,3.1550000000000002,3.025,3.02,3.1950000000000003,2.87,2.63
17-681,10.31,4.89,4.76,4.91,4.9,4.91,4.89
17-683,10.85,4.92,4.78,4.92,4.91,4.93,4.86
17-702,4.5,5.0,4.67,4.5,4.67,4.67,4.67
17-703,11.43,5.0,4.86,4.86,5.0,5.0,5.0
17-721,13.25,4.75,4.75,4.5,4.75,4.5,4.5
17-722,10.125,4.58,4.29,4.5,4.665,4.5,4.415
17-734,12.8,4.8,5.0,4.8,4.8,5.0,5.0
17-735,8.6,4.8,4.6,4.8,4.4,4.6,4.8
17-737,8.38,4.63,4.5,4.63,4.88,4.38,4.5
17-766,10.625,4.625,4.75,4.25,4.75,4.375,4.25
17-781,9.42,4.16,4.26,4.11,4.32,4.16,3.84
17-791,3.5,5.0,5.0,5.0,5.0,5.0,5.0
17-819,14.0,5.0,5.0,5.0,5.0,5.0,5.0
17-821,9.8,4.4,4.8,4.2,4.8,4.2,4.4
17-993,27.0,4.0,4.0,4.0,5.0,4.0,4.0
17-994,5.0,4.6,4.2,4.8,5.0,4.8,4.4
17-997,20.5,5.0,5.0,5.0,5.0,5.0,5.0
18-100,7.53,4.33,3.82,4.0,4.65,4.0,3.26
18-202,8.295,3.835,3.5250000000000004,3.38,4.529999999999999,3.465,3.245
18-213,18.69,3.94,3.665,4.1850000000000005,4.3,4.105,3.975
18-220,9.43,4.29,3.89,3.97,4.665,4.005,3.645
18-240,13.645,4.93,4.49,4.795,4.985,4.71,4.605
18-290,11.04,4.92,4.33,4.88,4.79,4.71,4.63
18-310,8.42,5.0,4.46,4.75,5.0,4.71,4.71
18-320,12.36,4.18,3.91,4.27,4.0,4.36,4.36
18-349,14.38,4.63,4.26,4.65,4.78,4.52,4.61
18-412,8.0,5.0,5.0,5.0,5.0,5.0,5.0
18-416,11.0,5.0,5.0,5.0,5.0,5.0,5.0
18-441,10.14,4.57,4.0,4.67,4.83,4.67,4.29
18-447,13.95,4.535,3.97,4.465,4.574999999999999,4.449999999999999,4.449999999999999
18-460,12.5,5.0,5.0,5.0,5.0,5.0,5.0
18-461,10.14,4.71,4.29,4.43,5.0,4.71,4.29
18-482,8.0,5.0,4.0,3.0,5.0,3.0,4.0
18-491,12.73,4.72,4.16,4.28,4.84,4.44,4.28
18-493,11.0,5.0,5.0,5.0,5.0,5.0,5.0
18-499,27.0,3.0,3.0,5.0,5.0,3.0,3.0
18-500,11.59,3.91,3.71,3.75,3.915,3.875,3.5999999999999996
18-540,10.025,4.55,4.675,4.2,4.775,4.25,4.25
18-578,20.67,4.67,4.835,4.835,5.0,4.67,4.67
18-601,6.5,4.5,4.5,4.63,4.88,4.5,4.63
18-612,9.5,5.0,5.0,5.0,5.0,5.0,4.75
18-613,20.655,4.095000000000001,3.96,4.04,4.275,4.03,4.335
18-615,12.5,4.67,4.08,4.58,4.92,4.42,4.58
18-616,10.25,5.0,4.88,4.88,4.88,5.0,4.88
18-631,11.83,4.42,4.34,4.57,4.86,4.4,4.43
18-632,7.59,4.57,3.955,4.57,4.91,4.57,4.57
18-636,11.715,4.9,4.585,4.73,4.82,4.779999999999999,4.8
18-637,11.0,5.0,5.0,5.0,5.0,5.0,5.0
18-639,10.89,4.33,4.06,4.61,4.56,4.44,4.33
18-645,8.175,2.34,2.395,2.67,3.25,2.41,2.165
18-651,12.0,4.75,4.75,4.58,4.92,4.67,4.5
18-652,16.47,4.6,4.53,4.47,4.6,4.6,4.4
18-653,11.25,3.5549999999999997,3.4699999999999998,3.585,4.25,3.4450000000000003,3.3600000000000003
18-655,12.8,4.4,4.1,4.1,4.3,3.9,4.1
18-657,11.05,3.95,3.84,3.74,4.16,3.79,3.63
18-659,14.42,4.92,4.58,4.33,4.92,4.5,4.33
18-660,15.0,4.71,4.29,4.36,4.93,4.36,4.14
18-661,12.76,4.69,4.38,4.66,4.76,4.59,4.41
18-663,11.0,4.665,4.5,4.5,4.835,4.5,4.585
18-690,11.0,5.0,5.0,5.0,5.0,5.0,5.0
18-698,10.73,4.82,4.45,4.73,4.82,4.64,4.55
18-701,7.77,4.77,4.62,4.54,4.92,4.38,4.08
18-702,6.2,4.6,4.4,4.0,4.4,3.6,3.4
18-709,15.42,4.38,4.29,4.38,4.58,4.46,4.23
18-723,16.38,4.77,4.15,4.15,4.92,4.46,4.38
18-731,12.86,5.0,4.67,5.0,5.0,5.0,5.0
18-732,11.344999999999999,4.885,4.77,4.845000000000001,4.925,4.77,4.6899999999999995
18-733,9.64,4.73,4.64,4.64,4.82,4.82,4.64
18-738,8.0,4.78,4.44,4.56,4.78,4.67,4.44
18-739,13.205,4.220000000000001,3.92,4.085,4.305,4.25,4.305
18-741,10.23,4.43,4.0,4.57,4.83,4.47,4.27
18-744,19.8,4.6,4.2,4.0,4.8,4.2,3.8
18-745,9.24,4.295,4.234999999999999,3.88,4.470000000000001,4.06,4.09
18-748,11.41,4.29,4.24,3.82,4.59,4.0,3.94
18-751,15.5,5.0,4.875,4.75,5.0,4.9399999999999995,4.8149999999999995
18-759,10.835,4.835,4.665,4.835,4.915,4.835,4.835
18-762,10.14,4.43,4.0,3.86,5.0,4.57,4.43
18-819,6.5,4.25,4.5,4.0,4.75,4.0,4.5
18-843,10.45,4.55,4.36,4.59,4.64,4.64,4.55
18-845,10.14,5.0,4.71,5.0,5.0,5.0,5.0
18-847,10.025,4.45,3.575,4.325,5.0,4.1,3.75
18-859,10.14,5.0,4.71,4.71,4.71,4.57,4.86
18-875,12.2,4.0,4.2,4.0,4.6,4.4,4.2
18-879,15.0,4.0,3.2,4.2,4.0,4.2,3.8
18-883,11.285,4.845000000000001,4.67,4.62,4.93,4.62,4.45
18-899,11.335,4.225,3.8899999999999997,4.279999999999999,4.68,4.21,4.04
18-996,27.0,4.4,4.4,4.4,4.4,4.4,4.4
18-997,27.0,5.0,5.0,5.0,5.0,5.0,5.0
18-998,14.0,5.0,5.0,5.0,5.0,5.0,5.0
19-101,8.55,4.41,3.79,4.19,4.79,4.0,3.89
19-211,6.67,4.56,4.0,4.56,4.33,4.56,4.44
19-213,6.0,5.0,4.67,4.67,5.0,4.33,4.33
19-303,8.0,4.57,4.29,4.71,4.86,4.71,4.71
19-351,7.68,4.89,4.88,4.82,5.0,4.89,4.78
19-402,8.0,4.0,4.0,4.0,5.0,3.0,3.0
19-411,8.75,4.25,3.0,4.25,5.0,4.0,3.5
19-425,7.25,4.42,3.42,4.42,4.42,4.17,4.0
19-451,10.45,3.73,3.45,3.64,3.64,3.73,3.36
19-473,5.23,4.69,4.38,4.69,4.77,4.62,4.69
19-602,6.5,4.5,3.75,4.0,4.0,4.0,4.0
19-625,13.5,3.9,3.9450000000000003,4.165,3.835,3.935,3.835
19-656,7.8149999999999995,4.48,4.125,4.525,4.625,4.4399999999999995,4.375
19-666,8.0,4.75,4.5,4.75,5.0,4.75,4.75
19-673,6.0,5.0,3.67,5.0,4.67,5.0,4.67
19-680,5.76,4.34,3.86,4.29,4.46,4.26,4.11
19-681,9.59,3.93,3.9,3.86,4.66,3.62,3.69
19-682,11.11,4.89,4.67,4.92,4.94,4.86,4.81
19-689,14.75,4.0,3.5,3.75,5.0,4.0,3.5
19-692,8.375,4.8149999999999995,4.725,4.63,4.88,4.8149999999999995,4.5649999999999995
19-697,11.95,4.0,4.0,4.0,4.53,3.89,3.74
19-702,11.86,4.07,3.86,3.79,4.64,4.0,3.43
19-703,12.94,4.61,3.89,4.28,4.89,4.33,4.5
19-704,13.25,4.92,4.42,4.58,4.92,4.75,4.83
19-711,10.4,4.6,3.6,4.6,4.6,4.2,4.6
19-714,12.75,4.0,4.0,2.75,4.75,3.0,2.75
19-733,8.75,5.0,5.0,5.0,5.0,5.0,5.0
19-739,9.875,4.25,3.875,3.5,3.75,3.75,3.75
19-756,9.2,5.0,4.4,4.4,4.0,4.4,4.2
19-801,11.0,5.0,4.5,4.5,4.5,4.5,5.0
19-867,10.5,5.0,4.67,5.0,5.0,5.0,4.67
19-882,8.5,4.67,4.67,4.83,4.5,4.83,4.83
19-883,2.0,4.5,4.0,4.5,4.5,4.5,4.5
19-977,7.0,5.0,5.0,4.67,5.0,4.67,4.0
21-101,7.0,4.0,4.0,4.0,4.5,4.0,4.5
21-111,8.0,3.0,3.0,3.0,5.0,3.0,3.0
21-112,6.48,5.0,4.86,4.76,4.9,4.9,4.86
21-120,11.1,4.0,3.86,4.14,4.52,3.64,3.71
21-122,8.99,3.9050000000000002,2.77,3.0700000000000003,4.34,2.8449999999999998,2.86
21-124,7.4,2.87,2.47,2.73,3.53,2.47,2.4
21-127,11.495000000000001,4.525,4.13,4.525,4.65,4.484999999999999,4.390000000000001
21-228,8.33,4.87,4.44,4.93,5.0,4.93,4.86
21-236,12.07,4.86,4.57,5.0,5.0,4.85,4.69
21-238,10.0,4.78,4.22,4.33,4.89,4.22,4.22
21-240,9.7,3.11,2.73,2.88,4.16,2.8,2.76
21-241,11.48,4.25,4.15,4.285,4.355,4.33,4.155
21-242,8.0,4.0,4.4,4.0,4.8,4.2,4.2
21-256,10.56,3.375,3.03,3.1,3.675,2.9850000000000003,3.105
21-257,14.1,4.14,3.5,4.05,4.55,4.05,3.74
21-259,10.13,4.37,4.06,4.59,4.47,4.45,4.41
21-260,10.4,4.39,3.93,4.11,4.69,4.09,4.04
21-261,6.36,4.09,3.64,3.91,4.36,3.55,3.45
21-268,8.68,4.55,4.23,4.55,4.73,4.5,4.45
21-269,12.69,4.69,4.55,4.86,4.93,4.79,4.76
21-270,7.9,4.94,4.77,4.82,4.89,4.87,4.79
21-272,11.0,3.67,3.67,3.0,4.67,3.67,3.33
21-292,9.14,4.33,4.24,4.19,4.57,4.19,3.86
21-300,12.5,5.0,5.0,5.0,5.0,5.0,5.0
21-301,10.31,4.62,4.33,4.78,4.87,4.87,4.46
21-325,11.56,4.75,4.31,4.38,4.94,4.31,4.0
21-329,13.75,4.5,4.5,4.88,4.75,4.75,4.88
21-341,8.0,4.2,4.4,4.2,4.8,4.0,4.0
21-344,6.8,4.8,4.8,4.6,4.9,4.8,4.5
21-355,9.0,4.4,4.2,4.4,4.6,4.2,4.2
21-356,10.0,4.67,4.08,4.5,4.92,4.25,4.17
21-369,8.0,4.67,4.67,5.0,5.0,4.33,4.33
21-373,8.0,4.55,3.73,4.36,4.55,4.36,4.27
21-374,5.0,4.5,3.5,4.5,5.0,4.5,4.5
21-400,6.5,5.0,4.75,5.0,5.0,5.0,5.0
21-420,9.85,4.85,4.38,4.69,4.92,4.62,4.54
21-484,10.35,4.43,4.17,4.5,4.65,4.35,4.5
21-499,11.0,5.0,5.0,5.0,5.0,5.0,4.78
21-604,9.88,3.75,3.75,4.13,4.88,3.38,3.38
21-623,8.0,4.6,3.6,4.4,5.0,4.2,4.4
21-630,11.0,4.83,4.5,4.83,4.83,4.83,4.67
21-640,10.7,4.6,4.2,4.4,4.6,4.5,4.5
21-660,10.57,4.71,4.43,4.29,4.86,4.43,4.43
21-702,12.5,3.75,3.75,4.5,4.0,3.75,3.75
21-703,10.0,5.0,5.0,5.0,5.0,5.0,5.0
21-721,11.0,4.57,4.14,4.43,4.71,4.57,4.43
21-723,11.0,5.0,4.6,5.0,5.0,5.0,5.0
21-737,9.67,4.89,4.67,4.89,5.0,4.78,4.88
21-765,8.0,4.25,3.5,4.5,4.75,4.5,4.5
21-801,11.0,5.0,5.0,5.0,5.0,5.0,5.0
21-820,5.0,4.67,4.33,4.67,5.0,4.5,4.67
21-832,6.0,4.67,4.33,4.67,5.0,4.67,4.67
21-882,5.0,5.0,5.0,5.0,5.0,5.0,5.0
24-101,7.79,3.56,3.14,3.46,4.19,3.31,3.21
24-104,6.720000000000001,4.195,3.9299999999999997,4.305,4.5,4.145,4.395
24-202,2.0,4.3,4.225,4.345,4.67,4.275,3.875
24-212,8.0,5.0,4.8,4.6,5.0,4.6,4.6
24-231,9.03,4.61,4.28,4.59,4.69,4.58,4.46
24-262,9.49,4.47,4.03,4.31,4.46,4.23,4.06
24-280,9.5,5.0,5.0,4.75,5.0,4.75,4.75
24-281,4.215,4.34,4.09,4.43,4.82,4.01,4.43
24-282,8.75,5.0,4.13,4.88,5.0,5.0,5.0
24-292,6.5,4.3,3.8,3.8,4.2,4.3,3.5
24-302,2.3,4.4,4.0,4.300000000000001,4.5,3.9,2.8
24-311,8.7,4.09,3.95,4.24,4.8,4.01,3.89
24-321,12.17,3.24,3.25,3.21,3.77,3.17,2.85
24-334,6.5,4.0,3.0,2.75,4.75,2.5,2.5
24-341,6.2,3.8,3.4,4.0,3.8,3.8,3.6
24-352,10.42,4.71,4.13,4.61,4.87,4.68,4.55
24-354,9.61,4.68,4.32,4.46,4.89,4.5,4.43
24-358,4.5,5.0,3.83,4.0,5.0,4.17,4.0
24-371,8.75,4.25,4.25,4.25,5.0,4.0,4.0
24-441,12.155000000000001,4.5600000000000005,4.125,4.115,4.8149999999999995,4.225,4.045
24-618,12.78,4.5,4.18,4.29,4.82,4.47,4.29
24-633,8.0,3.2350000000000003,2.77,3.045,4.07,2.9050000000000002,2.9299999999999997
24-642,8.5,4.0,3.58,3.58,4.67,3.5,3.58
24-650,8.13,4.46,4.08,4.5,4.63,4.25,4.46
24-651,12.09,4.23,4.14,4.27,4.36,4.23,4.32
24-653,8.0,4.09,3.82,3.91,4.0,3.91,3.55
24-659,8.0,3.67,3.0,3.0,4.33,3.0,2.67
24-662,10.44,4.5,4.44,3.88,4.75,4.13,4.0
24-671,12.34,4.03,4.2,3.66,4.4,3.94,3.85
24-672,8.79,4.58,4.79,4.53,4.47,4.58,4.63
24-673,10.9,4.15,4.45,4.2,4.75,4.1,4.05
24-687,10.25,4.75,5.0,4.75,5.0,4.75,4.75
24-688,7.31,4.08,3.31,3.85,4.46,3.77,3.69
24-689,9.75,4.92,4.58,4.08,5.0,4.67,4.58
24-691,7.355,4.715,4.59,4.715,4.91,4.645,4.625
24-692,7.33,4.78,4.89,4.89,4.67,4.89,4.44
24-703,11.71,3.86,3.05,3.05,4.14,3.14,3.1
24-704,7.77,4.0,3.92,3.46,4.46,3.31,3.46
24-730,10.31,4.92,4.69,4.92,5.0,4.85,4.85
24-757,10.25,4.0,3.5,4.5,4.25,4.25,3.75
24-773,12.77,4.8,4.6,4.63,4.93,4.6,4.6
24-775,12.7,4.63,4.5,4.5,4.83,4.47,4.4
24-783,10.71,4.71,4.38,4.41,4.82,4.35,4.47
24-785,10.58,3.9,3.74,3.74,4.55,3.65,3.65
24-786,11.18,3.75,3.11,3.25,4.14,3.21,3.32
27-052,8.3,5.0,4.8,4.6,5.0,4.3,4.6
27-100,5.75,4.25,3.75,4.27,4.69,4.29,3.94
27-202,11.3,4.6,3.8,3.55,4.65,3.65,3.8
27-205,2.43,3.85,3.6,3.7,4.7,3.7,3.5
27-212,8.0,4.0,3.0,4.0,5.0,4.0,3.5
27-216,7.86,4.48,4.14,4.25,4.75,4.15,4.14
27-217,9.26,4.63,4.42,4.58,4.84,4.63,4.63
27-357,7.31,4.23,3.54,4.0,4.31,3.77,3.77
27-367,7.25,3.63,2.88,2.69,3.81,2.94,2.75
27-402,11.0,3.67,3.33,3.33,4.0,3.17,3.33
27-520,12.5,4.25,4.25,4.5,5.0,4.25,4.75
27-542,8.0,3.33,3.33,2.67,2.67,2.33,2.67
27-565,9.5,4.0,3.5,3.0,4.0,3.0,3.0
27-570,7.14,5.0,4.57,4.71,5.0,4.86,4.86
27-591,8.0,4.0,3.0,5.0,5.0,4.0,4.0
27-592,8.0,4.67,4.67,4.67,5.0,5.0,5.0
27-701,11.0,2.0,2.0,2.0,3.0,1.5,1.5
27-705,11.9,4.2,4.0,3.7,3.9,3.6,3.6
27-710,10.83,4.25,4.17,4.25,4.92,4.17,4.17
27-720,17.5,4.25,3.5,5.0,4.75,4.75,4.5
27-722,11.0,4.5,4.5,4.5,5.0,4.5,4.5
27-725,8.6,5.0,3.4,4.6,5.0,4.6,4.2
27-740,6.4399999999999995,4.605,4.5600000000000005,4.835,4.68,4.72,4.8
27-741,10.55,4.9,4.7,4.7,4.6,4.7,4.8
27-742,11.58,4.83,4.67,4.5,4.92,4.33,4.33
27-750,7.0,5.0,4.83,4.67,5.0,4.83,4.67
27-752,15.2,5.0,5.0,5.0,5.0,5.0,5.0
27-756,19.33,4.67,5.0,5.0,5.0,5.0,5.0
27-769,5.0,4.5,4.0,5.0,5.0,4.5,4.0
27-791,13.5,4.2,3.9,4.1,4.8,3.6,3.5
27-792,11.2,4.87,4.87,5.0,5.0,4.87,4.8
33-100,4.995,4.33,4.255,4.355,4.73,4.33,4.4350000000000005
33-104,6.86,4.94,4.86,4.95,5.0,5.0,4.82
33-114,7.36,3.89,3.89,4.11,3.57,3.86,3.86
33-115,12.0,4.2,4.0,4.33,4.33,4.0,4.0
33-120,5.26,4.68,4.38,4.68,4.67,4.7,4.65
33-121,9.42,4.56,4.03,4.16,4.77,4.27,4.05
33-122,9.71,4.22,4.0,4.43,4.86,4.43,4.0
33-124,10.25,4.585,4.25,4.835,5.0,4.835,4.585
33-141,16.555,4.705,4.15,4.324999999999999,4.74,4.449999999999999,4.365
33-142,18.29,4.89,3.89,4.22,4.4,4.56,4.22
33-152,9.89,4.89,4.39,4.67,4.89,4.78,4.67
33-202,2.42,4.125,3.6849999999999996,3.8899999999999997,4.295,3.92,3.4000000000000004
33-211,10.31,4.46,4.38,4.62,4.77,4.54,4.62
33-228,13.4,4.21,3.945,3.9899999999999998,4.5600000000000005,4.0200000000000005,3.33
33-232,10.09,4.56,4.14,4.23,4.81,4.29,4.19
33-234,9.61,4.68,4.02,4.15,4.83,4.17,4.15
33-302,2.0,3.52,3.5300000000000002,3.6550000000000002,3.995,3.46,3.66
33-332,10.57,4.86,4.14,4.57,4.86,4.57,4.57
33-339,7.08,4.77,4.54,4.46,5.0,4.46,4.38
33-340,11.22,4.71,4.81,4.655,4.695,4.85,4.655
33-342,8.0,4.43,4.14,4.43,5.0,4.43,4.14
33-444,11.0,5.0,3.6,3.8,5.0,4.0,3.4
33-446,11.0,5.0,4.33,4.67,5.0,4.67,4.67
33-448,9.73,3.91,3.36,4.1,4.5,4.0,3.36
33-456,6.5,3.25,3.375,3.25,3.125,2.75,2.125
33-466,11.0,4.5,3.25,4.75,4.75,4.25,4.5
33-756,16.67,3.0,2.5,2.83,4.17,2.83,3.17
33-762,8.0,5.0,5.0,5.0,5.0,5.0,5.0
33-765,14.17,4.67,4.33,4.67,4.67,4.83,4.5
33-767,6.5,3.5,3.0,3.0,4.0,3.0,3.0
33-771,12.0,3.33,2.67,3.33,4.33,3.33,3.0
36-200,6.88,4.635,4.35,4.51,4.734999999999999,4.53,4.325
36-201,8.6,3.6,3.0,3.5,4.7,3.2,3.7
36-202,7.29,4.84,4.5600000000000005,4.88,4.93,4.815,4.755000000000001
36-217,10.12,4.5,3.8,4.5,5.0,4.2,4.0
36-220,8.21,3.92,3.6,3.42,4.44,3.54,3.29
36-225,11.33,4.46,4.33,4.15,4.74,4.15,4.1
36-226,10.73,3.52,2.79,2.92,3.8,2.73,2.76
36-247,8.75,4.25,3.75,4.0,4.63,3.88,3.75
36-303,6.93,4.07,3.86,3.43,4.29,3.21,3.21
36-315,9.55,4.79,4.8149999999999995,4.765,4.965,4.699999999999999,4.715
36-350,9.785,4.609999999999999,4.375,4.495,4.6899999999999995,4.36,4.37
36-402,10.285,4.22,3.95,3.965,4.04,3.8449999999999998,3.9050000000000002
36-410,7.63,3.69,3.73,3.87,4.07,3.8,3.8
36-462,8.75,4.14,3.86,4.23,4.55,4.02,3.77
36-490,3.8,5.0,5.0,5.0,5.0,5.0,5.0
36-497,7.25,4.375,4.25,4.0,4.5,4.375,4.75
36-602,6.67,4.89,4.89,4.89,4.89,4.89,4.89
36-608,9.5,4.5,3.5,4.75,4.5,4.5,4.5
36-612,3.835,4.89,4.89,4.89,4.89,4.89,4.835
36-618,8.55,4.55,4.27,4.36,4.64,4.27,4.27
36-635,6.8,4.4,4.4,4.4,4.4,4.4,4.4
36-636,5.75,5.0,4.75,5.0,5.0,5.0,5.0
36-651,8.0,5.0,5.0,5.0,5.0,5.0,5.0
36-662,8.6,4.9,4.6,5.0,4.9,5.0,5.0
36-700,12.41,4.59,4.51,4.54,4.63,4.46,4.59
36-708,11.5,4.63,4.38,4.63,4.88,4.5,4.63
36-709,12.6,4.6,4.4,4.5,4.6,4.4,4.5
36-726,11.6,4.800000000000001,4.800000000000001,4.800000000000001,4.800000000000001,4.800000000000001,4.800000000000001
36-735,5.0,5.0,5.0,5.0,5.0,5.0,5.0
36-751,5.0,5.0,5.0,4.5,5.0,5.0,5.0
36-757,5.0,4.67,4.67,4.67,4.33,4.33,4.0
36-759,6.5,4.25,3.5,4.75,4.25,3.75,3.75
36-764,6.5,4.875,4.75,4.75,5.0,4.75,4.75
38-100,3.09,4.0,4.0,4.0,4.36,3.91,3.55
38-110,2.0,4.0,3.0,3.0,3.0,3.0,3.0
38-119,8.0,3.0,3.0,2.0,3.0,3.0,1.0
38-230,2.75,4.0,4.0,3.67,4.67,4.33,4.0
38-301,5.5,4.67,4.835,4.5,4.5,4.835,4.67
38-302,4.69,2.64,1.89,2.13,2.69,2.22,1.64
38-303,3.175,3.175,2.7199999999999998,2.895,3.2,2.88,2.205
38-330,2.0,3.0,4.0,4.0,4.0,3.0,4.0
39-245,5.17,4.94,4.78,4.56,4.94,4.78,4.72
39-402,8.09,5.0,4.96,5.0,5.0,4.96,4.96
39-603,8.75,3.75,2.585,3.375,3.665,2.875,2.5
39-606,11.0,5.0,5.0,5.0,5.0,5.0,5.0
39-611,9.48,4.76,4.62,4.62,4.93,4.76,4.33
39-612,8.34,4.83,4.44,4.75,4.93,4.89,4.75
39-648,13.6,4.300000000000001,4.2,4.4,4.6,4.1,4.2
39-652,8.0,5.0,5.0,4.0,5.0,4.5,4.5
39-660,16.54,4.5649999999999995,4.645,4.645,4.76,4.645,4.6850000000000005
39-802,13.0,4.33,4.33,4.0,4.0,4.33,4.67
42-101,7.72,4.06,3.45,3.73,4.43,3.83,3.73
42-201,2.5,4.92,4.57,4.88,4.92,4.88,4.88
42-202,8.0,4.33,3.64,4.09,4.64,4.21,4.0
42-203,11.355,4.855,4.1899999999999995,4.48,5.0,4.55,4.404999999999999
42-302,7.14,4.36,4.21,3.79,4.86,3.93,3.86
42-341,6.8,3.6,2.8,3.4,4.6,2.6,2.8
42-402,9.38,4.69,4.38,4.46,4.81,4.54,4.15
42-444,5.0,4.17,3.5,4.17,4.5,4.0,4.0
42-612,12.8,4.4,4.2,4.6,4.8,4.6,4.4
42-613,8.25,4.58,4.67,4.36,4.45,4.64,4.5
42-624,7.0,4.17,4.17,4.5,4.67,4.5,4.33
42-630,10.0,4.67,3.83,4.0,4.83,4.0,4.0
42-632,11.0,4.89,4.56,4.78,4.89,4.78,4.67
42-647,10.0,4.67,3.33,3.56,4.78,3.67,3.44
42-661,3.35,4.8,4.45,4.93,4.88,4.68,4.78
42-678,7.29,4.675,4.09,4.35,4.85,4.5,4.15
42-679,9.225,4.45,4.36,4.359999999999999,4.545,4.45,4.225
42-681,7.73,5.0,4.82,4.91,5.0,4.91,4.9
42-702,8.86,4.71,4.35,4.9,4.9,4.71,4.62
42-744,7.14,4.86,4.43,4.43,5.0,4.57,4.57
42-792,22.5,4.5,4.5,4.5,4.5,4.5,5.0
45-981,8.0,3.0,4.0,4.0,4.0,3.0,3.0
45-990,10.14,4.57,4.43,4.86,4.86,4.71,4.43
45-994,12.5,5.0,5.0,4.5,5.0,5.0,5.0
46-751,2.0,4.4,4.6,4.6,4.6,4.4,4.4
46-870,8.94,4.69,4.5,4.56,4.94,4.63,4.5
46-888,8.0,5.0,4.75,5.0,5.0,5.0,5.0
46-903,7.735,4.105,3.975,3.81,4.75,3.825,3.7199999999999998
46-907,3.005,4.3149999999999995,4.08,3.9899999999999998,4.46,3.9699999999999998,3.8
46-926,10.98,4.539999999999999,4.32,4.335,4.665,4.285,4.385
46-927,9.309999999999999,4.13,4.03,3.7800000000000002,4.46,3.69,3.7249999999999996
46-932,11.955,4.58,4.535,4.57,4.745,4.6,4.65
46-944,10.49,4.525,4.305,4.595000000000001,4.67,4.550000000000001,4.46
46-945,11.635,4.545,4.455,4.67,4.67,4.62,4.5600000000000005
46-954,8.49,3.955,3.6950000000000003,3.485,4.47,3.4850000000000003,3.33
46-971,5.645,4.43,4.375,4.23,4.635,4.23,4.23
46-980,2.75,4.0,3.5,3.0,4.5,3.25,3.5
48-000,26.77,4.77,4.85,4.77,4.85,4.92,4.62
48-026,3.13,3.81,3.38,3.63,4.0,3.5,3.38
48-105,24.07,4.0,4.0,4.0,4.13,4.0,4.47
48-205,25.5,4.25,4.25,4.25,4.8,4.5,4.81
48-240,6.03,4.42,4.05,4.36,4.47,4.36,4.22
48-241,10.13,4.29,3.0,4.29,4.29,4.04,3.92
48-305,24.25,4.5,4.38,4.38,4.38,4.13,4.33
48-311,11.0,4.33,4.67,4.33,4.67,4.67,4.67
48-324,5.5,4.46,4.13,4.5,4.71,4.46,4.29
48-328,8.0,4.5,4.75,4.5,4.5,4.75,4.5
48-332,5.0,4.5,3.0,4.5,5.0,4.5,4.5
48-355,6.5,4.5,3.5,4.0,4.5,4.0,3.5
48-374,5.0,4.0,4.57,4.14,4.71,3.71,3.71
48-380,4.7,4.5,4.45,4.45,4.85,4.55,4.25
48-381,14.11,4.15,3.74,3.81,3.7,3.74,3.59
48-410,24.4,4.5,4.0,4.75,5.0,4.25,4.5
48-440,5.0,4.9,4.4,4.8,4.7,4.7,4.7
48-442,8.0,4.75,4.0,4.25,5.0,4.0,4.0
48-462,6.5,3.5,4.0,3.5,3.5,3.5,3.5
48-465,9.2,4.8,4.2,5.0,5.0,4.8,4.8
48-473,12.0,4.78,4.5,4.67,4.67,4.56,4.78
48-497,6.8,4.0,3.5,3.2,4.0,3.5,2.9
48-510,24.0,4.2,4.0,4.1,4.25,4.0,4.1
48-519,25.0,4.67,4.67,4.67,4.67,4.33,4.0
48-528,10.67,3.89,4.11,3.33,4.0,3.44,3.33
48-530,11.75,4.25,3.75,3.875,4.625,3.75,4.125
48-538,8.0,5.0,5.0,5.0,5.0,5.0,5.0
48-545,13.6,4.2,4.0,4.4,4.4,4.2,4.4
48-555,9.125,3.5,3.625,2.875,3.75,3.625,3.25
48-559,5.0,3.8,3.3,3.5,4.1,3.3,3.2
48-569,8.86,4.79,4.36,4.64,4.93,4.71,4.71
48-587,5.75,4.5,4.38,4.25,4.88,4.5,4.63
48-637,6.71,4.86,4.71,4.86,4.86,4.86,4.86
48-640,23.835,4.25,3.915,4.085,4.165,4.0,4.0
48-644,3.8,4.8,4.6,4.2,5.0,4.8,4.6
48-649,12.14,4.71,4.29,4.36,4.43,4.07,4.0
48-658,5.27,4.91,5.0,4.91,5.0,5.0,5.0
48-660,21.0,5.0,4.5,4.5,5.0,5.0,5.0
48-696,5.0,5.0,5.0,5.0,5.0,5.0,5.0
48-704,8.0,5.0,5.0,5.0,5.0,5.0,5.0
48-706,17.57,3.86,3.57,3.43,3.57,3.14,3.14
48-708,23.33,5.0,4.83,5.0,5.0,5.0,5.0
48-711,17.25,5.0,4.33,5.0,4.75,4.5,5.0
48-712,3.71,4.86,4.57,4.71,5.0,4.71,4.57
48-713,11.13,4.75,4.25,4.25,4.63,4.25,4.25
48-715,8.0,4.0,2.67,3.0,4.33,3.67,3.33
48-720,9.88,4.88,4.38,4.5,4.88,4.63,4.63
48-721,12.8,4.5,4.4,4.6,4.6,4.7,4.5
48-723,8.31,3.92,3.75,3.82,4.45,3.73,3.5
48-731,13.71,3.96,3.79,3.875,4.04,3.875,3.875
48-733,15.0,4.85,4.85,4.92,4.92,4.92,4.92
48-741,6.71,4.57,3.86,4.17,4.17,4.17,4.14
48-749,6.5,5.0,4.5,4.5,5.0,5.0,5.0
48-752,11.21,4.5,4.36,4.29,4.43,4.0,3.93
48-758,11.0,4.75,4.5,4.25,4.75,4.25,4.5
48-762,6.5,5.0,5.0,4.5,5.0,4.5,4.5
48-773,10.5,4.67,4.5,4.33,5.0,4.33,4.67
48-776,15.0,4.75,4.75,4.75,4.75,4.75,4.75
48-778,7.0,5.0,5.0,5.0,5.0,5.0,5.0
48-781,11.76,4.59,4.65,4.82,4.82,4.71,4.71
48-785,17.0,5.0,5.0,5.0,5.0,5.0,5.0
48-792,17.5,5.0,5.0,5.0,5.0,5.0,5.0
48-793,24.0,5.0,5.0,5.0,5.0,5.0,5.0
48-797,27.0,5.0,5.0,5.0,5.0,5.0,5.0
49-713,16.74,4.39,4.09,4.09,4.17,3.87,4.09
49-717,6.64,3.64,4.0,3.18,4.27,3.18,2.82
49-719,14.13,5.0,4.63,4.38,4.75,4.75,4.75
49-720,6.18,4.11,3.37,3.36,4.64,3.25,2.89
49-732,5.0,4.75,4.67,4.25,4.75,4.5,4.33
49-735,9.5,4.5,4.5,4.5,4.5,4.5,4.0
49-741,11.05,4.2,4.0,4.0,4.5,3.95,3.7
49-762,14.0,3.0,3.5,2.4,4.91,2.5,2.5
49-763,11.67,4.78,4.75,4.63,4.88,4.33,4.0
49-766,11.7,4.9,4.8,4.9,4.9,4.9,4.5
49-767,11.0,5.0,5.0,5.0,5.0,5.0,4.75
49-771,16.955,4.55,4.295,4.435,4.76,4.375,4.375
49-775,10.4,4.4,4.8,4.6,4.8,4.6,4.4
49-780,18.05,4.5,4.5,4.7,4.45,4.75,4.7
49-781,16.33,4.89,4.33,4.78,5.0,5.0,4.78
49-788,14.0,4.0,3.0,3.0,5.0,2.0,2.0
49-789,16.8,5.0,4.4,4.8,4.8,4.8,4.8
49-795,9.88,4.5,4.14,3.75,4.88,4.13,3.88
49-801,8.5,4.67,4.58,4.5,4.67,4.67,4.67
49-804,6.0,4.67,4.67,4.5,5.0,4.0,3.33
49-807,7.68,4.665,4.485,4.625,4.715,4.619999999999999,4.66
49-809,4.33,4.14,3.835,4.175,4.4,4.145,3.4699999999999998
49-850,10.57,5.0,5.0,4.86,5.0,5.0,4.29
49-851,4.63,3.0,2.13,3.25,3.0,2.75,3.13
49-852,6.0,5.0,3.67,4.33,5.0,4.33,4.33
49-857,5.38,2.5,2.0,2.63,2.63,2.0,2.0
49-881,12.5,5.0,5.0,3.5,5.0,4.5,5.0
49-882,6.5,4.5,4.75,4.25,4.5,4.5,4.25
49-883,4.0,5.0,4.67,4.67,5.0,5.0,5.0
51-000,20.5,5.0,5.0,4.5,5.0,5.0,5.0
51-102,19.97,4.54,4.4,4.49,4.71,4.49,4.51
51-122,17.6,4.4,4.14,4.26,4.49,4.29,4.29
51-132,6.390000000000001,4.595,4.404999999999999,4.465,4.545,4.495,4.57
51-172,9.18,4.7,4.55,4.52,4.52,4.45,4.42
51-208,7.21,2.9299999999999997,2.825,2.715,2.645,2.5700000000000003,2.5
51-228,14.88,4.0,4.0,4.13,3.75,3.71,3.63
51-231,7.25,4.75,4.75,4.5,5.0,4.5,4.5
51-232,5.0,5.0,5.0,5.0,5.0,5.0,5.0
51-236,7.81,4.94,4.81,4.63,4.75,4.63,4.56
51-239,9.63,4.88,4.5,4.38,4.88,4.63,4.5
51-248,16.33,4.5,4.835,4.835,4.835,4.67,5.0
51-249,15.0,4.33,4.67,5.0,5.0,4.67,4.67
51-264,7.0,3.89,3.56,4.0,4.11,3.44,3.56
51-268,15.75,4.75,4.5,4.5,4.5,4.5,4.75
51-269,15.0,4.75,4.75,4.75,4.5,4.75,4.75
51-272,5.6,4.2,3.93,3.86,4.43,4.07,4.07
51-278,9.5,4.5,4.5,4.0,4.0,4.0,3.0
51-321,6.0,4.67,3.67,4.67,4.0,4.0,4.33
51-328,6.2,4.9,4.5,4.6,5.0,4.6,4.2
51-330,12.87,4.53,4.0,3.87,4.6,4.2,4.4
51-347,5.5,5.0,5.0,5.0,5.0,5.0,5.0
51-350,8.0,4.5,4.0,3.5,4.5,4.0,2.0
51-360,13.0,5.0,5.0,4.67,5.0,5.0,5.0
51-362,8.43,5.0,4.57,4.43,5.0,4.83,4.86
51-364,5.6,5.0,5.0,5.0,5.0,5.0,5.0
51-368,8.9,5.0,4.9,4.8,4.9,4.8,4.8
51-372,5.56,4.44,3.75,4.13,4.44,4.13,3.56
51-378,7.0,5.0,5.0,5.0,5.0,5.0,4.67
51-384,5.75,5.0,5.0,5.0,5.0,5.0,5.0
51-385,8.0,4.67,4.0,4.17,5.0,4.67,4.67
51-396,7.0,4.33,4.0,4.0,4.67,4.0,4.33
51-399,5.0,5.0,5.0,5.0,5.0,5.0,5.0
51-400,6.5,5.0,5.0,5.0,5.0,5.0,5.0
51-426,3.0,5.0,4.33,4.67,4.33,4.33,4.33
51-427,8.0,5.0,3.0,3.0,5.0,5.0,4.0
51-434,12.5,4.0,4.0,4.5,4.5,4.5,4.5
51-452,14.0,5.0,5.0,5.0,5.0,5.0,5.0
51-460,8.0,3.0,3.0,3.0,3.0,3.0,3.0
51-470,8.0,5.0,5.0,5.0,5.0,5.0,5.0
51-480,12.0,3.585,3.5,3.085,3.335,3.335,2.83
51-486,13.0,5.0,5.0,5.0,5.0,5.0,4.5
51-612,13.5,5.0,5.0,4.9,5.0,4.9,5.0
51-626,7.73,4.73,4.82,4.45,4.91,4.45,4.18
51-678,5.0,5.0,4.0,5.0,5.0,4.0,5.0
51-702,9.695,4.5600000000000005,3.915,4.26,4.65,4.3,4.21
51-712,19.38,4.5,3.75,3.75,4.75,3.88,3.75
51-744,6.5,4.0,2.88,3.25,4.38,3.25,3.13
51-764,9.5,4.0,3.5,3.5,4.0,4.0,4.0
51-782,12.75,5.0,4.0,4.0,5.0,3.75,4.0
51-785,7.25,4.5,4.0,4.5,4.5,4.5,4.25
51-796,12.5,5.0,4.5,5.0,5.0,5.0,5.0
51-799,9.5,5.0,4.5,4.0,5.0,4.5,4.5
51-828,10.0,4.67,4.67,4.67,5.0,4.67,4.67
51-831,8.0,4.57,4.21,4.71,4.86,4.71,4.71
51-834,24.0,5.0,5.0,5.0,5.0,5.0,5.0
51-860,7.25,4.75,3.25,3.0,5.0,3.0,3.0
51-874,10.77,4.15,3.69,4.31,4.69,4.15,4.15
51-884,3.2,4.699999999999999,3.8,3.7,4.9,4.0,3.8
51-886,9.2,4.4,3.8,4.1,4.5,4.0,3.7
51-904,11.6,4.675,4.0,4.265000000000001,4.7,4.2,4.575
51-914,11.0,4.83,4.83,4.83,4.83,4.83,4.83
51-952,8.975,4.575,4.675,4.475,4.775,4.675,4.55
51-974,14.0,4.5,4.25,4.25,5.0,4.5,4.25
52-291,3.5,4.17,4.0,4.33,5.0,4.17,4.17
52-392,4.1,4.7,4.2,4.2,4.7,4.2,3.9
52-402,6.8,4.2,4.0,4.0,4.4,4.4,4.2
53-000,24.14,4.74,4.4,4.57,4.83,4.73,4.9
53-230,11.0,4.6,4.0,4.0,4.8,4.2,4.2
53-312,4.33,4.89,4.89,4.89,4.89,4.67,4.89
53-376,12.5,5.0,4.75,5.0,5.0,4.75,4.5
53-409,22.4,4.6,3.6,4.8,4.4,4.6,4.8
53-471,15.38,4.76,4.67,4.43,4.67,4.62,4.76
53-472,9.8,4.5,4.8,4.1,4.8,4.5,4.8
53-559,6.8,4.1,3.8,3.7,4.4,3.8,3.8
53-600,27.0,3.63,3.5,3.63,4.25,3.75,4.5
53-603,8.86,5.0,4.86,5.0,5.0,5.0,5.0
53-604,5.0,4.88,4.81,4.94,4.94,4.81,4.88
53-607,27.0,5.0,4.75,4.5,5.0,4.585,4.625
53-609,12.83,4.92,4.7,4.8,4.9,4.9,4.9
53-612,9.0,4.67,4.0,4.0,4.67,4.0,4.33
53-613,9.33,4.33,3.89,4.33,4.44,4.33,4.44
53-630,9.5,5.0,5.0,5.0,5.0,5.0,4.5
53-673,5.0,5.0,5.0,5.0,5.0,5.0,4.0
53-689,11.0,4.0,4.0,4.0,4.0,4.0,4.0
53-712,2.6,5.0,5.0,5.0,5.0,5.0,5.0
53-713,2.33,4.89,5.0,4.89,5.0,5.0,5.0
53-723,13.54,4.23,4.23,4.23,4.62,4.23,4.23
53-730,8.75,4.25,4.25,4.25,4.75,4.5,4.5
53-788,8.6,4.6,4.4,4.6,4.6,4.6,4.4
53-876,14.0,3.0,3.0,3.0,3.0,3.0,3.0
53-881,11.75,4.75,4.63,4.5,5.0,4.75,4.63
53-886,3.5,3.5,4.0,3.0,5.0,3.0,3.0
54-012,2.0,3.25,2.5,2.75,3.75,3.67,2.5
54-102,13.25,5.0,5.0,5.0,4.25,5.0,5.0
54-104,5.0,5.0,5.0,4.5,4.5,5.0,5.0
54-106,5.0,5.0,5.0,5.0,5.0,5.0,5.0
54-108,6.5,5.0,5.0,5.0,5.0,5.0,5.0
54-117,5.33,3.88,3.5,3.5,4.0,3.5,3.55
54-122,6.8,5.0,5.0,4.75,5.0,5.0,5.0
54-124,5.75,4.875,4.75,4.75,4.875,4.75,4.625
54-126,2.0,4.33,4.33,3.67,4.67,4.0,3.67
54-152,14.4,4.0,3.1,4.2,4.1,4.1,3.9
54-158,8.27,2.82,2.91,3.73,2.73,2.91,3.27
54-162,9.0,2.33,3.0,1.67,4.0,2.0,2.67
54-166,9.5,4.5,4.5,4.5,4.5,4.5,4.0
54-168,5.0,5.0,5.0,5.0,5.0,5.0,5.0
54-170,8.875,3.305,3.275,3.81,3.035,3.695,3.775
54-172,17.45,4.73,4.55,3.82,4.91,4.55,4.45
54-176,2.12,4.72,4.6,4.68,4.84,4.64,4.460000000000001
54-177,5.355,5.0,4.85,4.79,4.970000000000001,4.91,4.795
54-184,9.8,5.0,5.0,5.0,5.0,5.0,5.0
54-190,5.0,5.0,5.0,3.0,5.0,4.0,5.0
54-191,4.57,4.71,4.43,4.33,5.0,4.43,4.43
54-192,8.75,5.0,5.0,5.0,5.0,5.0,5.0
54-196,9.5,5.0,5.0,5.0,5.0,4.75,5.0
54-200,2.0,4.6899999999999995,4.6899999999999995,4.635,4.635,4.635,4.07
54-202,12.5,5.0,4.5,4.5,5.0,5.0,5.0
54-204,6.4,4.835,4.835,4.835,4.5,4.665,4.4
54-206,5.0,5.0,5.0,5.0,5.0,5.0,5.0
54-208,5.0,5.0,5.0,5.0,4.9,4.9,5.0
54-212,3.5,4.75,4.75,4.75,4.75,4.75,4.5
54-214,3.5,5.0,5.0,5.0,5.0,5.0,4.67
54-218,4.25,5.0,4.5,4.5,3.75,4.5,4.25
54-220,5.0,5.0,4.5,4.0,3.5,4.5,4.0
54-222,9.8,4.6,4.2,4.0,4.6,4.4,3.8
54-224,2.0,5.0,5.0,5.0,5.0,5.0,5.0
54-230,5.0,3.5,4.0,3.5,3.5,3.5,3.5
54-238,8.0,5.0,5.0,5.0,5.0,5.0,5.0
54-240,3.5,4.0,3.5,3.0,3.0,3.5,2.5
54-242,2.6,4.8,4.775,4.5,4.4,4.6,4.6
54-246,8.0,5.0,3.5,3.0,4.5,3.0,3.5
54-250,8.0,4.0,4.0,3.67,3.67,4.0,4.0
54-252,5.75,3.75,2.5,2.5,3.75,3.0,2.75
54-264,2.75,4.25,3.75,3.25,4.0,3.0,3.5
54-265,4.0,3.83,2.67,2.5,3.83,2.67,3.0
54-272,6.2,3.5,3.5,3.5,3.3,3.7,3.6
54-281,6.875,3.3,3.44,3.09,4.3149999999999995,3.175,2.79
54-285,2.0,5.0,5.0,5.0,5.0,5.0,5.0
54-287,5.75,3.25,2.0,2.25,3.75,2.0,1.75
54-297,5.0,4.0,4.0,4.0,4.0,4.0,4.0
54-302,11.0,4.0,3.5,3.5,4.0,3.5,3.5
54-306,8.0,5.0,4.0,5.0,5.0,4.0,4.0
54-308,5.0,3.33,3.67,4.33,2.0,3.67,3.67
54-310,8.0,4.0,5.0,4.0,4.0,4.0,4.0
54-314,3.5,5.0,5.0,5.0,5.0,5.0,5.0
54-316,5.0,5.0,5.0,5.0,5.0,5.0,4.0
54-318,5.0,5.0,5.0,5.0,5.0,5.0,5.0
54-324,5.0,5.0,4.0,,,,3.0
54-330,5.82,3.73,3.36,3.82,3.73,3.5,3.4
54-332,12.5,5.0,4.5,3.5,5.0,4.5,3.5
54-334,8.3,4.6,3.5,4.5,4.4,4.3,4.2
54-335,8.0,4.5,4.75,5.0,4.5,4.5,4.75
54-339,2.0,4.0,1.0,4.0,4.0,4.0,3.0
54-346,11.0,3.5,3.0,3.5,3.0,3.0,4.0
54-350,2.0,3.67,3.0,3.33,4.33,4.0,3.0
54-354,6.5,5.0,5.0,5.0,5.0,5.0,5.0
54-364,3.5,5.0,4.5,5.0,5.0,5.0,4.5
54-368,9.0,3.67,3.33,3.0,3.33,3.0,2.67
54-369,15.0,4.33,5.0,4.33,3.67,4.67,4.67
54-376,2.0,5.0,5.0,5.0,5.0,5.0,5.0
54-378,5.0,5.0,4.0,5.0,5.0,5.0,4.67
54-381,4.33,4.165,3.635,3.69,3.94,3.69,3.58
54-386,20.5,3.5,4.5,3.5,3.5,3.5,3.5
54-392,3.5,5.0,5.0,4.5,5.0,5.0,5.0
54-397,8.0,5.0,5.0,5.0,5.0,5.0,5.0
54-400,5.0,5.0,4.5,4.5,5.0,4.5,4.0
54-402,8.0,4.33,4.33,4.0,4.67,4.17,3.5
54-414,5.0,4.17,3.67,4.67,3.83,4.0,3.83
54-416,5.0,5.0,5.0,5.0,5.0,5.0,5.0
54-432,8.0,4.0,4.0,3.5,4.0,3.5,3.5
54-433,5.75,4.25,4.25,4.0,4.75,4.0,3.75
54-437,2.0,5.0,5.0,5.0,5.0,5.0,5.0
54-438,2.75,4.25,4.25,4.25,5.0,4.25,4.0
54-444,5.0,5.0,5.0,5.0,5.0,5.0,5.0
54-446,2.0,3.33,3.5,3.165,3.67,3.165,2.5
54-447,2.0,5.0,4.67,4.33,4.67,4.33,5.0
54-453,2.0,5.0,5.0,5.0,5.0,5.0,5.0
54-467,5.0,5.0,3.0,3.0,5.0,3.0,3.0
54-468,5.5,4.67,4.0,4.5,4.67,4.17,4.0
54-470,9.5,4.5,4.0,3.5,5.0,4.0,4.0
54-475,5.0,4.0,5.0,4.0,5.0,4.0,4.0
54-484,6.5,3.5,3.5,4.0,4.5,3.5,3.5
54-500,3.25,4.0,4.585,4.335,3.75,4.25,4.5
54-501,3.25,4.67,4.0,4.33,4.67,4.67,4.5
54-517,2.0,5.0,5.0,5.0,5.0,5.0,5.0
54-520,4.5,5.0,4.835,4.835,4.835,5.0,4.585
54-522,8.0,5.0,5.0,5.0,5.0,5.0,4.75
54-538,8.0,4.0,4.0,4.0,4.0,4.0,4.0
54-594,3.315,4.5,4.38,4.5,4.63,4.5,4.63
54-633,5.0,3.0,4.0,3.0,4.0,4.0,3.0
54-666,7.57,4.0,3.86,4.71,3.71,4.29,4.29
54-705,3.5,2.0,2.0,2.5,2.0,1.5,1.0
54-710,6.0,3.0,2.83,2.665,2.335,2.5,4.0
54-714,11.0,4.33,4.67,3.67,5.0,4.33,4.0
54-718,5.0,3.6,3.2,3.8,4.6,3.8,3.0
54-721,5.0,5.0,4.0,4.0,5.0,4.0,4.0
54-723,5.0,5.0,4.5,4.5,5.0,5.0,4.5
54-724,3.5,4.5,3.5,3.5,5.0,4.5,3.0
54-729,6.5,5.0,4.0,3.0,4.5,4.0,3.5
54-732,14.0,4.0,4.0,4.0,3.0,4.0,4.0
54-738,5.0,5.0,5.0,4.0,3.0,4.0,4.0
54-740,2.0,3.67,3.67,3.67,4.0,4.0,3.67
54-746,8.75,2.75,2.25,2.0,2.75,1.5,1.5
54-750,2.0,5.0,4.0,3.0,5.0,4.0,2.0
54-752,8.0,4.0,5.0,3.0,5.0,4.0,3.0
54-754,8.0,5.0,4.0,4.5,4.5,5.0,4.0
54-760,5.5,4.665,4.165,4.665,4.5,4.5,4.5
54-768,11.75,2.75,2.25,2.0,3.0,2.0,2.25
54-769,5.0,5.0,5.0,3.0,5.0,4.0,3.0
54-775,5.6,4.2,3.8,3.6,4.4,4.2,3.4
54-777,8.0,4.0,5.0,3.0,4.0,4.0,4.0
54-780,9.0,4.0,3.0,3.0,3.0,3.33,3.67
54-785,2.5,4.5,3.67,4.08,4.83,4.58,3.25
54-788,6.5,3.5,4.0,2.5,3.5,3.5,2.5
54-790,8.75,4.5,3.75,4.75,5.0,4.75,4.75
54-792,8.0,2.0,2.5,2.5,2.5,2.5,2.0
54-795,8.0,4.5,4.5,4.25,3.75,4.0,4.25
54-800,7.0,3.5,3.0,3.0,4.0,3.25,3.25
54-801,3.5,4.5,4.67,4.33,5.0,4.5,4.0
54-813,15.5,5.0,5.0,5.0,5.0,5.0,5.0
54-823,3.5,5.0,5.0,4.5,5.0,4.5,4.5
54-839,2.0,3.4,2.8,2.8,3.4,3.2,2.8
54-842,2.0,,,,,,
54-844,6.5,5.0,5.0,5.0,5.0,5.0,5.0
54-846,11.0,3.0,3.0,3.0,3.0,3.0,4.0
54-849,12.5,4.5,4.0,3.5,4.0,4.5,4.5
54-852,5.0,4.0,5.0,4.0,5.0,4.0,4.0
54-854,19.0,4.5,4.0,3.0,4.5,3.5,4.0
54-855,2.0,5.0,4.5,4.0,5.0,4.5,4.0
54-858,17.0,5.0,5.0,4.0,5.0,4.0,4.0
54-859,2.0,4.2,3.8,3.8,4.2,4.0,3.8
54-872,5.0,5.0,4.0,3.0,5.0,4.0,4.0
54-874,2.0,5.0,5.0,5.0,5.0,4.0,3.0
54-876,4.0,4.67,4.67,5.0,5.0,5.0,5.0
54-888,6.5,3.5,3.5,3.5,3.5,3.5,3.0
54-890,2.75,3.25,2.75,2.75,3.5,2.75,3.0
54-892,11.0,3.0,4.0,4.0,3.0,3.5,3.5
54-894,8.0,3.5,3.5,3.5,3.0,3.5,3.5
54-905,2.0,5.0,5.0,5.0,5.0,5.0,5.0
54-958,17.0,4.0,5.0,4.0,5.0,5.0,5.0
54-970,15.33,2.33,2.0,1.67,2.33,2.0,1.67
54-988,19.25,5.0,5.0,5.0,5.0,5.0,5.0
54-994,14.0,4.0,4.0,4.0,4.0,4.0,4.0
57-009,11.0,5.0,5.0,5.0,5.0,5.0,5.0
57-020,11.0,5.0,5.0,5.0,5.0,5.0,5.0
57-021,21.0,5.0,5.0,5.0,5.0,5.0,5.0
57-031,2.0,2.78,2.44,2.22,2.11,2.11,2.44
57-098,2.0,4.86,4.29,4.57,4.86,4.29,4.43
57-099,5.5,5.0,5.0,5.0,5.0,5.0,5.0
57-101,5.0,4.0,3.0,4.0,2.67,3.0,3.5
57-104,2.3,4.9,4.9,4.8,4.9,4.9,4.9
57-106,3.0,2.67,3.0,3.33,2.0,2.33,3.33
57-108,2.0,5.0,5.0,5.0,5.0,5.0,5.0
57-109,3.5,5.0,5.0,5.0,5.0,5.0,5.0
57-110,2.0,5.0,5.0,5.0,5.0,5.0,5.0
57-112,2.43,4.86,5.0,4.71,4.86,4.86,4.86
57-117,5.0,4.0,4.0,4.0,3.0,4.0,4.0
57-120,2.75,5.0,5.0,4.75,5.0,4.5,4.5
57-121,8.0,5.0,5.0,5.0,5.0,5.0,5.0
57-125,3.5,5.0,5.0,5.0,5.0,5.0,5.0
57-127,4.25,5.0,5.0,5.0,5.0,5.0,5.0
57-129,5.0,5.0,5.0,5.0,5.0,5.0,5.0
57-130,2.0,4.0,5.0,5.0,5.0,4.0,4.0
57-132,5.0,5.0,5.0,5.0,5.0,5.0,5.0
57-135,2.0,5.0,5.0,5.0,5.0,5.0,5.0
57-136,2.0,5.0,5.0,5.0,5.0,5.0,4.0
57-140,2.0,5.0,5.0,5.0,5.0,5.0,5.0
57-149,8.0,5.0,5.0,5.0,5.0,5.0,5.0
57-150,8.0,4.67,4.67,4.67,4.67,4.67,4.67
57-153,6.25,4.6899999999999995,4.125,3.98,4.75,3.79,3.96
57-162,4.1,4.9,4.67,5.0,4.9,4.8,5.0
57-164,5.0,5.0,5.0,5.0,5.0,5.0,5.0
57-171,6.125,2.75,2.335,2.585,1.875,2.415,2.585
57-173,8.0,4.5,5.0,5.0,5.0,5.0,5.0
57-182,2.915,4.529999999999999,4.665,4.695,4.385,4.33,4.470000000000001
57-184,2.5,5.0,5.0,5.0,5.0,5.0,5.0
57-186,3.5,4.0,4.5,4.0,3.0,4.0,4.0
57-188,2.0,5.0,5.0,5.0,5.0,5.0,5.0
57-190,2.46,4.77,3.85,4.23,4.77,4.15,4.0
57-191,2.0,4.88,4.75,4.63,4.88,4.75,4.75
57-208,2.0,5.0,5.0,5.0,5.0,5.0,5.0
57-212,3.5,3.5,3.5,3.5,3.5,2.5,2.5
57-227,3.8,4.8,4.8,4.8,4.8,4.8,4.8
57-228,2.5,4.33,3.67,4.0,4.0,3.67,3.67
57-231,2.75,5.0,5.0,5.0,5.0,5.0,4.5
57-241,3.8,4.8,4.4,4.2,4.4,4.0,3.6
57-258,5.0,4.0,3.0,4.0,5.0,4.0,4.0
57-271,2.0,3.0,2.0,1.0,1.5,1.0,1.0
57-283,5.3,4.7,4.3,4.4,4.8,4.3,3.9
57-285,5.5,4.33,4.0,4.17,4.17,4.17,3.83
57-290,2.0,3.5,3.5,4.0,4.0,4.0,4.0
57-296,2.0,5.0,5.0,5.0,5.0,5.0,5.0
57-299,4.0,5.0,5.0,5.0,5.0,5.0,5.0
57-330,2.0,5.0,5.0,5.0,5.0,5.0,4.5
57-336,6.5,5.0,5.0,5.0,5.0,5.0,5.0
57-337,5.0,5.0,4.79,4.88,5.0,4.79,5.0
57-338,7.25,5.0,4.5,4.75,5.0,5.0,4.75
57-340,3.5,4.0,3.5,2.5,3.0,2.5,2.5
57-341,5.75,4.25,3.75,4.0,4.5,4.5,4.25
57-342,5.0,5.0,5.0,5.0,5.0,5.0,5.0
57-344,6.2,4.6,4.2,4.2,5.0,4.4,4.6
57-347,5.0,3.67,3.67,3.67,3.67,3.33,3.33
57-355,2.0,3.0,2.5,2.0,3.0,3.0,1.0
57-362,3.8,4.6,4.2,4.8,4.6,4.0,4.25
57-363,2.0,4.0,3.5,4.0,4.0,4.0,4.0
57-376,2.0,3.0,2.0,2.0,2.0,2.0,2.0
57-392,2.0,5.0,5.0,5.0,5.0,5.0,5.0
57-402,3.5,5.0,5.0,5.0,5.0,5.0,5.0
57-403,2.0,5.0,5.0,5.0,5.0,5.0,5.0
57-408,3.75,4.25,4.415,4.415,5.0,4.415,4.25
57-417,3.5,4.0,3.6,3.5,3.4,3.6,3.5
57-418,6.5,4.0,4.33,4.0,4.0,4.0,5.0
57-419,3.5,5.0,4.83,5.0,5.0,5.0,5.0
57-420,3.5,4.5,4.25,4.75,4.5,4.5,5.0
57-422,2.0,5.0,5.0,5.0,5.0,5.0,5.0
57-425,8.75,5.0,5.0,5.0,4.75,4.75,4.75
57-431,2.0,5.0,5.0,5.0,5.0,5.0,5.0
57-432,3.0,5.0,4.67,4.67,5.0,4.67,4.67
57-434,2.0,3.625,3.5,3.625,3.875,3.375,3.375
57-435,5.0,5.0,5.0,5.0,5.0,5.0,5.0
57-436,2.0,5.0,4.2,5.0,5.0,4.6,4.6
57-437,8.0,4.5,5.0,4.5,5.0,4.5,4.0
57-438,6.125,4.75,4.625,4.75,4.875,4.75,4.75
57-453,5.0,5.0,5.0,5.0,5.0,5.0,5.0
57-456,2.0,5.0,5.0,5.0,5.0,5.0,4.0
57-468,24.0,4.0,4.0,4.0,3.5,4.0,4.0
57-472,11.835,3.0,3.0,3.0,2.665,2.835,3.0
57-476,5.0,4.0,3.0,,,,4.0
57-478,5.0,4.0,4.33,4.67,4.67,4.33,4.33
57-480,5.0,4.5,4.5,4.5,4.5,4.5,4.5
57-488,2.0,5.0,5.0,5.0,5.0,5.0,5.0
57-497,5.0,4.0,4.0,4.0,5.0,4.0,3.0
57-500,7.625,5.0,5.0,5.0,5.0,5.0,5.0
57-501,11.0,5.0,5.0,5.0,5.0,5.0,5.0
57-505,24.0,5.0,5.0,5.0,5.0,5.0,5.0
57-517,8.0,5.0,5.0,5.0,5.0,5.0,5.0
57-518,5.0,5.0,5.0,5.0,5.0,5.0,5.0
57-521,9.625,4.75,4.75,4.75,5.0,4.75,4.75
57-523,5.0,5.0,4.835,5.0,5.0,5.0,5.0
57-570,2.0,5.0,5.0,5.0,5.0,5.0,5.0
57-572,5.0,5.0,5.0,5.0,5.0,5.0,5.0
57-609,2.0,5.0,5.0,5.0,5.0,5.0,4.0
57-615,3.5,5.0,5.0,5.0,5.0,5.0,5.0
57-622,8.0,5.0,5.0,5.0,5.0,5.0,5.0
57-623,8.0,5.0,5.0,5.0,5.0,5.0,5.0
57-651,5.0,5.0,5.0,5.0,5.0,5.0,5.0
57-693,6.5,5.0,5.0,5.0,5.0,5.0,5.0
57-700,8.75,5.0,5.0,5.0,5.0,5.0,5.0
57-703,24.0,5.0,5.0,5.0,5.0,5.0,5.0
57-706,14.0,4.0,5.0,5.0,4.0,4.0,4.0
57-713,12.5,5.0,5.0,5.0,5.0,5.0,5.0
57-716,17.0,5.0,5.0,5.0,5.0,5.0,5.0
57-721,12.5,5.0,5.0,5.0,5.0,5.0,5.0
57-731,8.0,5.0,5.0,5.0,5.0,5.0,5.0
57-737,5.0,5.0,5.0,5.0,5.0,5.0,5.0
57-742,2.0,5.0,5.0,5.0,5.0,5.0,5.0
57-752,2.0,5.0,5.0,5.0,5.0,5.0,5.0
57-756,3.0,5.0,5.0,5.0,5.0,5.0,5.0
57-762,5.0,5.0,5.0,5.0,5.0,5.0,5.0
57-766,4.625,4.75,4.375,4.5,4.625,4.375,4.375
57-767,11.0,5.0,5.0,5.0,5.0,5.0,5.0
57-770,5.0,5.0,5.0,5.0,5.0,5.0,5.0
57-772,11.0,4.0,4.5,5.0,5.0,5.0,5.0
57-775,5.0,5.0,5.0,5.0,5.0,5.0,5.0
57-780,2.0,5.0,5.0,5.0,5.0,5.0,5.0
57-791,4.0,5.0,5.0,5.0,5.0,5.0,4.67
57-817,2.0,5.0,4.0,5.0,5.0,5.0,5.0
57-818,7.5,4.4,4.5,4.6,4.5,4.33,4.14
57-821,11.0,5.0,5.0,5.0,5.0,5.0,4.0
57-825,8.0,5.0,5.0,5.0,5.0,5.0,5.0
57-827,3.5,5.0,5.0,5.0,5.0,5.0,5.0
57-847,5.0,5.0,4.0,5.0,5.0,5.0,5.0
57-855,5.0,5.0,5.0,5.0,5.0,5.0,5.0
57-862,2.0,5.0,5.0,5.0,5.0,5.0,5.0
57-874,2.0,4.5,3.0,3.5,4.5,4.0,4.0
57-876,5.0,5.0,5.0,5.0,5.0,5.0,5.0
57-882,2.0,5.0,5.0,5.0,5.0,5.0,5.0
57-888,5.0,3.75,3.5,3.75,4.25,3.5,4.0
57-902,3.5,4.835,5.0,5.0,5.0,4.835,5.0
57-903,2.0,5.0,5.0,5.0,5.0,5.0,5.0
57-911,5.75,5.0,5.0,5.0,5.0,5.0,5.0
57-913,5.0,5.0,5.0,5.0,5.0,5.0,5.0
57-923,2.0,5.0,5.0,5.0,5.0,5.0,5.0
57-926,8.0,5.0,5.0,5.0,5.0,5.0,5.0
57-927,5.0,5.0,5.0,5.0,5.0,5.0,5.0
57-928,5.0,5.0,5.0,5.0,5.0,5.0,5.0
57-930,3.0,4.67,5.0,5.0,5.0,4.67,5.0
57-931,2.0,4.0,5.0,5.0,5.0,5.0,4.0
57-933,12.5,5.0,5.0,5.0,5.0,5.0,5.0
57-935,8.0,5.0,5.0,5.0,5.0,5.0,5.0
57-947,8.0,5.0,5.0,5.0,5.0,5.0,5.0
57-951,14.0,5.0,5.0,5.0,5.0,5.0,5.0
57-953,14.0,5.0,5.0,5.0,5.0,5.0,5.0
57-954,9.0,3.67,3.33,4.0,3.67,3.33,2.67
57-955,5.0,5.0,5.0,5.0,5.0,5.0,5.0
57-960,8.0,4.0,4.0,4.0,5.0,4.0,5.0
57-966,8.0,5.0,4.0,4.0,5.0,5.0,5.0
57-983,2.0,5.0,,,,,
57-986,17.0,5.0,5.0,5.0,5.0,5.0,5.0
60-106,5.5,4.67,4.385,4.5,4.779999999999999,4.445,4.275
60-110,9.09,3.71,3.29,4.29,3.71,4.0,3.71
60-125,11.52,4.625,4.27,4.465,4.695,4.465,4.59
60-131,10.835,4.775,4.55,4.635,4.775,4.55,4.6
60-141,9.0,4.75,4.335,4.335,4.75,4.335,4.585
60-142,8.5,4.0,3.915,3.585,4.165,3.835,3.75
60-157,8.6,4.7,4.1,4.6,4.7,4.6,4.6
60-160,11.0,4.5,4.0,3.75,4.71,4.0,4.0
60-206,6.465,4.645,4.0649999999999995,4.625,4.6,4.57,4.32
60-223,10.25,4.83,4.83,4.75,4.67,4.75,4.75
60-235,6.5,5.0,5.0,5.0,5.0,5.0,5.0
60-251,8.0,4.6,4.6,5.0,4.8,4.4,4.6
60-280,8.0,4.5,4.0,4.13,4.63,4.13,4.0
60-350,4.4,5.0,4.4,4.8,4.8,5.0,5.0
60-361,7.67,5.0,4.89,4.78,5.0,4.89,4.89
60-388,6.5,4.5,4.0,5.0,4.0,4.5,4.5
60-402,12.63,4.9,4.89,4.78,5.0,4.8,4.5
60-403,8.0,3.67,4.0,4.33,3.33,3.0,3.0
60-413,10.5,4.67,4.0,4.0,4.83,4.33,4.0
60-415,10.7,4.9,4.6,4.3,5.0,4.7,4.8
60-417,11.0,4.33,4.0,3.33,4.33,4.0,4.0
60-418,14.75,4.25,4.5,4.67,4.33,4.33,4.75
60-422,14.17,3.42,3.835,3.75,4.165,3.585,3.67
60-423,10.4,4.7,4.0,4.2,4.6,4.6,4.6
60-430,8.0,5.0,4.0,4.5,5.0,4.5,4.5
60-435,11.0,4.2,4.4,4.2,4.2,4.4,4.4
60-441,9.0,5.0,5.0,5.0,5.0,5.0,5.0
60-444,8.6,5.0,4.8,4.8,5.0,4.6,4.2
60-450,9.0,4.5,4.5,4.17,4.33,4.33,3.67
60-453,13.04,4.665,4.775,4.665,5.0,4.665,4.835
60-471,10.0,3.83,3.83,4.17,3.67,3.83,4.17
60-475,9.5,5.0,5.0,5.0,5.0,5.0,5.0
60-476,12.63,4.75,4.88,4.75,4.63,4.63,4.75
60-479,9.0,4.67,4.33,4.67,5.0,4.67,4.33
60-480,12.5,4.5,3.5,4.0,4.5,4.0,3.0
60-499,8.0,5.0,5.0,5.0,5.0,5.0,5.0
60-702,8.6,4.0,4.0,3.8,3.6,3.8,3.4
60-711,14.0,4.0,4.0,5.0,3.0,4.0,4.0
60-723,11.75,5.0,5.0,5.0,5.0,5.0,5.0
60-791,6.2,4.2,4.0,3.6,4.2,4.0,4.0
62-049,25.5,5.0,5.0,5.0,5.0,5.0,5.0
62-110,4.86,4.57,4.38,4.57,4.67,4.52,4.19
62-123,12.39,4.44,4.29,4.44,4.33,4.44,4.56
62-126,12.53,4.0,3.71,4.12,3.88,3.76,3.71
62-141,12.2,4.67,4.67,4.67,4.6,4.33,4.6
62-142,8.075,4.675,4.75,4.575,4.65,4.425,4.8
62-146,5.0,5.0,4.33,4.33,5.0,4.67,5.0
62-194,5.0,4.5,2.5,3.5,5.0,4.0,3.5
62-196,8.0,4.0,4.5,4.5,5.0,4.0,4.5
62-235,7.0,4.67,5.0,4.67,5.0,4.67,4.67
62-238,6.29,3.86,3.57,3.43,4.57,3.43,3.0
62-241,11.75,4.75,4.5,4.5,4.75,4.5,4.5
62-275,12.3,3.83,3.43,3.09,3.57,3.13,2.91
62-314,3.5,4.5,4.0,5.0,5.0,4.5,4.5
62-315,6.5,3.5,4.5,3.0,3.0,3.0,3.5
62-326,5.0,5.0,5.0,5.0,5.0,5.0,5.0
62-360,4.57,4.43,4.14,4.71,4.57,4.29,4.29
62-408,7.25,4.0,4.5,3.625,4.125,4.125,4.375
62-418,5.0,4.75,5.0,5.0,5.0,5.0,5.0
62-478,6.2,4.7,4.5,4.2,4.8,4.5,4.4
62-479,8.0,4.0,3.0,3.25,4.25,3.5,3.75
62-708,6.125,4.375,4.125,4.0,4.5,4.125,3.625
62-715,18.33,5.0,4.67,4.33,5.0,5.0,4.33
62-718,5.0,5.0,4.67,4.67,5.0,4.67,4.67
62-743,5.0,5.0,5.0,5.0,5.0,5.0,5.0
62-846,5.0,5.0,4.0,4.0,5.0,4.0,4.0
65-102,7.0,4.33,3.67,4.0,4.67,4.17,4.17
65-202,8.0,5.0,4.67,5.0,5.0,5.0,5.0
65-203,5.33,4.9,3.6,4.0,4.9,4.0,3.4
66-110,5.435,3.95,3.615,4.115,4.27,3.83,3.57
66-119,5.55,3.815,3.085,2.835,4.0,3.29,2.225
66-121,5.9,5.0,4.9,5.0,5.0,4.9,5.0
66-204,4.0,5.0,4.67,4.67,5.0,4.67,4.33
66-207,2.5,5.0,4.0,4.67,4.67,4.67,4.67
66-221,3.265,4.68,4.585,4.68,4.75,4.654999999999999,4.645
66-304,8.0,5.0,5.0,4.0,5.0,5.0,5.0
67-202,5.0,4.5,4.5,4.5,5.0,4.5,4.5
67-250,7.0,4.74,4.67,4.67,4.9,4.71,4.48
67-265,9.735,4.74,4.9399999999999995,4.635,5.0,4.74,4.59
67-272,15.280000000000001,4.455,3.855,3.875,4.51,4.029999999999999,3.8449999999999998
67-313,8.0,4.79,4.64,4.57,4.79,4.5,4.36
67-315,10.25,4.9350000000000005,4.765000000000001,4.765000000000001,5.0,4.7,4.6
67-323,8.5,4.5,4.33,4.5,5.0,4.5,4.33
67-335,6.5,4.5,5.0,4.5,5.0,4.5,4.5
67-339,8.0,5.0,5.0,5.0,5.0,5.0,5.0
67-364,9.15,4.77,4.54,4.69,4.67,4.83,4.46
67-373,15.67,4.5,4.5,4.4,5.0,4.33,4.0
67-379,11.75,4.88,5.0,4.88,5.0,4.88,5.0
67-382,7.05,4.74,4.68,4.47,4.89,4.56,4.5
67-476,8.0,3.0,3.0,2.5,4.5,2.0,2.0
70-100,6.77,4.355,4.05,4.0,4.67,3.935,3.935
70-105,3.12,4.05,3.05,3.44,4.57,3.255,2.495
70-110,7.5,3.67,3.48,3.44,3.83,3.5,3.44
70-122,10.785,4.535,4.335,4.505,4.7,4.425000000000001,4.234999999999999
70-160,4.36,4.54,3.77,4.46,4.62,4.08,3.77
70-196,6.5,4.75,4.75,4.25,4.75,4.5,4.75
70-201,3.07,4.21,3.77,3.69,4.38,3.77,3.38
70-205,4.84,3.635,2.54,2.65,3.785,2.865,2.305
70-207,6.65,4.35,3.75,4.15,4.47,4.16,4.0
70-208,10.690000000000001,4.17,4.025,4.24,4.645,4.05,4.12
70-257,7.56,4.79,4.54,4.63,4.79,4.67,4.5
70-258,10.0,4.33,4.0,4.33,4.67,4.33,3.33
70-311,6.85,4.82,4.48,4.74,4.915,4.8,4.615
70-321,9.055,4.875,4.615,4.84,4.904999999999999,4.9399999999999995,4.84
70-332,4.68,4.14,4.07,4.29,4.79,4.07,3.79
70-340,6.94,4.86,4.39,4.71,4.96,4.71,4.47
70-345,8.09,4.654999999999999,4.65,4.635,4.5,4.415,4.48
70-349,5.0,4.22,3.56,3.78,4.33,3.89,3.78
70-350,5.0,4.824999999999999,4.96,4.545,4.8100000000000005,4.785,4.685
70-364,6.5,4.5,4.0,5.0,4.75,4.75,4.25
70-366,4.25,4.0,3.42,4.17,4.33,3.92,4.08
70-371,6.734999999999999,4.665,4.17,4.57,4.555,4.51,4.369999999999999
70-374,7.81,4.51,3.785,4.13,4.654999999999999,3.83,3.685
70-381,6.6,4.19,4.1,4.33,4.7,4.17,4.0
70-385,8.75,4.33,3.67,4.25,4.33,4.0,3.67
70-391,7.91,4.484999999999999,4.15,4.445,4.880000000000001,4.42,4.359999999999999
70-395,4.33,3.89,3.78,3.78,2.67,3.44,3.44
70-398,8.25,4.665,4.165,4.54,4.54,4.335,4.375
70-401,9.55,3.985,3.86,3.695,4.48,3.835,3.735
70-411,8.0,5.0,5.0,4.67,5.0,4.67,4.33
70-415,5.3,4.8,4.2,4.4,5.0,4.6,4.5
70-416,10.085,4.779999999999999,4.555,4.529999999999999,4.640000000000001,4.470000000000001,4.415
70-417,6.75,4.64,4.45,4.82,4.91,4.73,4.82
70-421,5.0,5.0,4.5,4.67,5.0,4.67,4.67
70-422,7.88,4.69,4.31,4.81,4.94,4.56,4.44
70-424,10.17,4.67,4.0,4.83,5.0,4.5,4.83
70-425,6.15,4.85,4.69,4.23,4.77,4.46,4.31
70-440,7.25,4.83,4.58,4.82,4.82,4.73,4.67
70-443,5.0,4.21,3.47,4.05,4.63,3.79,3.74
70-455,3.75,5.0,4.79,5.0,5.0,5.0,5.0
70-462,6.5,4.92,4.75,4.92,4.83,4.83,4.92
70-471,6.5,4.71,4.25,4.71,5.0,4.585,4.585
70-480,4.57,4.57,4.43,4.43,4.29,4.57,4.43
70-481,9.5,4.7,4.4,4.8,4.9,4.8,4.7
70-482,6.8,4.8,4.6,5.0,5.0,5.0,5.0
70-485,6.88,4.88,4.88,4.63,5.0,4.88,4.88
70-492,7.85,4.8,4.199999999999999,4.15,4.9,4.35,4.199999999999999
70-493,6.5600000000000005,4.715,4.45,4.675,4.835,4.625,4.625
70-495,7.91,4.85,4.46,4.67,5.0,4.67,4.65
70-520,9.5,4.5,4.5,4.5,4.5,4.5,4.5
73-102,9.0,4.1,3.46,3.96,4.42,3.9450000000000003,3.55
73-103,6.485,4.699999999999999,4.199999999999999,4.625,4.755,4.535,4.345000000000001
73-160,8.43,3.29,2.57,2.86,3.57,3.14,3.43
73-230,8.775,4.295,3.99,4.125,4.615,4.140000000000001,4.105
73-240,8.3,3.85,3.47,3.89,4.21,3.89,3.74
73-265,12.8,4.0,4.2,4.8,4.8,4.8,4.2
73-270,8.27,4.45,4.45,3.73,4.27,4.0,3.55
73-274,6.38,4.88,4.46,4.46,4.92,4.54,4.35
73-315,5.75,4.5,3.75,4.63,4.75,4.5,4.5
73-341,7.7,4.3,3.89,4.2,4.4,4.2,4.2
73-348,10.11,2.56,1.89,2.5,2.75,2.38,2.44
73-359,6.8,3.2,3.4,3.6,3.6,3.4,3.2
73-365,7.42,4.785,4.475,4.83,5.0,4.705,4.66
73-366,6.5,4.67,4.4,4.6,4.8,4.6,4.8
73-372,8.0,4.0,2.75,3.5,3.5,4.0,4.25
73-423,8.0,3.5,3.17,3.5,4.83,3.0,3.0
76-100,7.0,5.0,5.0,5.0,5.0,5.0,5.0
76-101,7.92,4.535,4.515000000000001,4.279999999999999,4.73,4.404999999999999,4.12
76-106,6.035,4.745,4.645,4.59,4.8149999999999995,4.59,4.29
76-107,7.0,4.625,4.609999999999999,4.529999999999999,4.779999999999999,4.5,4.35
76-108,7.05,4.41,4.3149999999999995,4.199999999999999,4.8,4.215,4.0
76-207,6.0,5.0,5.0,5.0,5.0,5.0,4.67
76-221,6.36,4.91,4.45,4.91,5.0,4.82,4.82
76-232,7.57,5.0,4.86,5.0,5.0,5.0,5.0
76-239,8.38,4.56,4.19,4.56,4.63,4.56,4.63
76-241,6.98,4.295,4.369999999999999,4.465,4.825,4.3149999999999995,4.49
76-245,6.325,4.845000000000001,4.6850000000000005,4.645,4.8,4.5600000000000005,4.585
76-260,7.4,4.56,4.8,4.67,4.56,4.6,4.67
76-261,9.67,4.89,4.56,4.56,4.78,4.78,4.67
76-265,5.645,4.785,4.76,4.76,4.845000000000001,4.725,4.6850000000000005
76-269,6.5,4.0,4.75,4.0,4.0,4.25,4.25
76-270,6.835,4.885,4.78,4.82,4.925,4.85,4.68
76-271,7.5,4.67,4.5,4.5,4.5,4.33,4.5
76-280,9.0,4.44,4.56,4.22,4.56,4.33,4.33
76-282,5.55,4.91,4.91,4.91,4.91,4.91,4.91
76-292,9.8,5.0,5.0,4.6,5.0,4.8,4.6
76-297,5.0,5.0,5.0,4.0,5.0,5.0,4.5
76-310,7.18,4.4,4.1,4.1,4.2,4.1,4.0
76-318,7.25,4.75,4.25,4.75,5.0,4.75,4.5
76-325,8.0,5.0,5.0,5.0,5.0,5.0,5.0
76-330,4.0,5.0,4.67,5.0,5.0,4.67,4.67
76-347,10.14,3.86,3.71,3.86,4.0,4.0,4.14
76-348,12.0,5.0,5.0,5.0,5.0,5.0,5.0
76-356,4.67,5.0,5.0,5.0,5.0,4.78,4.89
76-358,8.6,5.0,3.8,4.0,5.0,4.2,4.2
76-360,7.5,4.0,4.17,3.83,3.83,3.83,3.83
76-361,8.0,5.0,5.0,5.0,5.0,5.0,5.0
76-363,7.57,4.57,4.43,4.57,4.57,4.43,4.43
76-364,6.67,4.56,3.22,4.22,4.89,4.22,4.33
76-365,7.57,4.71,4.86,4.43,4.71,4.57,4.57
76-373,5.0,4.6,4.6,4.6,4.8,4.3,4.2
76-374,6.75,3.085,2.335,2.75,3.665,2.75,4.165
76-378,9.0,5.0,4.33,3.33,5.0,3.67,4.33
76-380,8.0,5.0,4.5,5.0,5.0,5.0,5.0
76-385,5.0,5.0,5.0,4.5,5.0,5.0,5.0
76-389,9.5,4.5,4.5,4.5,4.5,4.5,4.5
76-390,7.45,5.0,4.45,4.82,5.0,4.91,4.82
76-394,11.0,2.0,1.0,1.0,3.0,2.0,1.0
76-395,8.0,5.0,5.0,5.0,5.0,5.0,5.0
76-404,6.5,5.0,3.5,4.0,4.5,4.0,4.0
76-411,8.0,5.0,5.0,4.0,5.0,5.0,5.0
76-419,9.5,4.5,5.0,4.5,5.0,5.0,4.5
76-420,8.0,5.0,5.0,4.5,5.0,5.0,4.5
76-423,8.38,4.88,4.38,5.0,5.0,4.88,4.75
76-426,6.0,5.0,4.33,4.33,5.0,4.67,4.67
76-460,9.0,4.67,4.67,4.33,5.0,4.67,4.67
76-462,8.33,4.67,4.44,4.67,4.78,4.56,4.56
76-465,6.5,4.88,5.0,4.75,5.0,4.75,4.75
76-469,6.0,5.0,5.0,5.0,4.67,4.67,5.0
76-471,8.0,5.0,5.0,5.0,5.0,5.0,5.0
76-472,8.0,5.0,5.0,4.5,5.0,4.5,4.5
76-474,6.5,4.5,4.0,4.5,4.5,4.5,4.0
76-475,6.0,4.67,4.33,4.67,5.0,4.33,4.33
76-480,8.0,5.0,4.8,4.6,5.0,5.0,5.0
76-487,9.0,4.67,4.67,4.67,5.0,4.67,4.33
76-489,12.5,4.5,5.0,4.5,4.75,4.5,4.75
76-725,9.88,4.75,4.63,4.88,4.63,4.75,4.63
76-747,8.0,5.0,4.5,5.0,5.0,5.0,5.0
76-758,8.0,5.0,4.67,4.0,5.0,4.67,4.33
76-760,9.0,4.67,5.0,4.67,5.0,4.67,4.67
76-761,7.0,5.0,4.67,4.33,5.0,4.67,4.67
76-774,8.0,4.0,3.0,3.5,4.0,3.0,3.5
76-776,7.0,5.0,4.33,4.67,4.67,5.0,4.67
76-778,7.5,5.0,4.83,4.33,5.0,4.67,4.67
76-780,9.5,4.25,2.75,4.5,5.0,4.0,4.0
76-785,6.5,5.0,5.0,5.0,5.0,5.0,4.5
76-790,7.4,5.0,5.0,5.0,5.0,5.0,5.0
76-794,7.0,4.67,4.0,3.67,5.0,3.67,3.67
76-795,8.0,5.0,5.0,4.75,5.0,5.0,5.0
76-798,11.0,5.0,5.0,5.0,5.0,5.0,5.0
76-804,10.0,5.0,4.33,5.0,5.0,4.67,5.0
76-811,12.375,5.0,4.75,4.75,5.0,5.0,4.5
76-819,10.57,4.86,4.57,4.29,4.86,4.57,4.43
76-820,11.75,5.0,4.75,4.0,4.75,4.5,4.75
76-823,9.5,4.83,4.33,4.83,5.0,5.0,5.0
76-824,11.86,4.86,4.43,4.29,5.0,4.57,4.29
76-826,5.0,5.0,5.0,5.0,5.0,5.0,5.0
76-839,10.0,4.67,4.67,4.67,4.33,4.67,4.67
76-875,5.0,5.0,5.0,5.0,5.0,5.0,4.5
76-880,9.75,5.0,4.82,4.82,5.0,4.91,4.91
76-887,10.67,5.0,4.67,4.5,5.0,4.67,4.33
76-889,8.86,4.57,4.43,3.86,5.0,4.57,4.29
76-899,7.25,5.0,4.75,4.75,5.0,5.0,5.0
79-104,7.25,4.67,4.67,4.85,5.0,4.67,4.8
79-200,6.5,4.83,5.0,5.0,5.0,4.33,4.33
79-201,9.085,4.805,4.585,4.779999999999999,4.890000000000001,4.779999999999999,4.640000000000001
79-202,6.88,4.63,4.38,4.5,5.0,4.75,4.63
79-203,6.88,5.0,4.63,4.88,4.75,4.75,4.75
79-209,6.33,4.56,4.56,4.78,4.56,4.67,4.56
79-213,4.0,4.33,3.67,4.33,5.0,4.67,4.33
79-218,7.25,5.0,4.88,4.75,5.0,4.88,5.0
79-223,8.0,5.0,4.4,4.2,5.0,4.4,4.4
79-235,8.0,4.25,4.0,4.0,4.0,4.33,4.25
79-238,5.38,4.38,4.38,4.5,4.75,4.38,4.38
79-240,11.7,4.8,4.7,4.7,4.9,4.6,4.6
79-242,7.4,4.7,4.4,4.8,5.0,4.7,4.6
79-249,13.14,4.86,5.0,4.86,4.86,5.0,5.0
79-260,8.0,5.0,4.8,4.8,5.0,5.0,5.0
79-261,7.0,4.33,3.83,4.33,4.67,4.17,4.17
79-265,7.14,4.86,4.86,4.86,4.86,4.71,4.71
79-268,10.25,5.0,5.0,5.0,5.0,5.0,5.0
79-270,8.0,4.86,4.86,4.71,5.0,4.43,4.71
79-274,11.0,5.0,5.0,5.0,5.0,5.0,5.0
79-275,7.77,4.69,4.85,4.92,5.0,4.69,4.77
79-276,6.8,4.8,4.8,4.8,4.8,4.4,4.6
79-277,6.5,4.0,4.22,3.44,4.11,3.44,3.67
79-280,7.08,4.46,4.38,4.23,4.77,4.23,4.23
79-281,4.25,4.58,4.25,4.58,4.75,4.58,4.5
79-285,9.11,4.56,4.44,4.22,4.56,4.22,4.67
79-290,5.6,4.8,4.0,4.6,4.8,4.4,4.0
79-293,7.0,4.67,4.67,4.67,4.67,4.67,4.67
79-295,5.43,5.0,4.71,4.57,5.0,4.71,4.57
79-302,3.71,4.57,4.29,4.29,4.57,4.43,4.43
79-305,7.16,4.72,4.28,4.68,4.84,4.68,4.6
79-307,7.0,4.67,4.5,4.75,4.83,4.67,4.75
79-318,11.0,5.0,4.75,5.0,5.0,4.75,4.75
79-319,9.0,5.0,4.67,5.0,5.0,5.0,5.0
79-320,7.75,5.0,4.58,5.0,4.82,4.92,5.0
79-325,4.77,4.62,4.0,4.85,4.54,4.77,4.69
79-328,4.57,4.86,4.14,4.71,5.0,5.0,4.86
79-329,4.57,4.805,4.58,4.83,4.545,4.880000000000001,4.880000000000001
79-339,7.0,4.56,4.33,4.56,4.56,4.44,4.44
79-341,5.0,4.44,4.1,4.2,4.6,4.5,4.6
79-345,6.83,4.87,4.59,4.7,4.72,4.78,4.69
79-349,6.13,4.5,3.63,4.13,4.0,4.0,4.0
79-354,4.5,5.0,4.67,4.83,5.0,5.0,5.0
79-356,5.0,4.67,4.67,4.67,4.67,4.67,4.67
79-359,7.57,3.86,3.86,4.0,3.71,3.86,4.17
79-369,5.0,4.5,4.83,4.67,4.83,4.5,4.33
79-380,7.25,4.75,4.75,4.33,4.83,4.58,4.67
79-387,4.57,4.29,3.71,4.57,4.57,4.43,4.0
79-394,5.0,5.0,5.0,5.0,5.0,5.0,5.0
79-396,5.27,4.73,4.27,4.55,4.45,4.73,4.73
79-411,7.0,5.0,4.67,4.33,5.0,4.67,4.33
79-415,11.0,4.0,4.0,4.0,4.0,4.0,4.0
79-419,5.0,5.0,5.0,5.0,5.0,5.0,5.0
79-427,7.0,5.0,5.0,5.0,5.0,5.0,4.67
79-431,8.0,5.0,5.0,4.0,5.0,4.0,4.0
79-780,5.0,5.0,5.0,5.0,5.0,5.0,5.0
80-100,7.58,4.28,4.0,4.33,4.68,4.11,4.06
80-130,10.0,4.67,4.67,4.33,5.0,4.67,4.67
80-135,9.0,4.77,4.67,5.0,5.0,4.77,5.0
80-150,7.0,3.27,2.73,3.0,4.27,2.73,2.6
80-180,9.2,4.72,4.4,4.4,4.83,4.6,4.34
80-210,6.2,4.8,4.8,5.0,5.0,4.8,4.4
80-242,9.8,5.0,4.6,5.0,4.8,5.0,5.0
80-245,9.33,4.92,4.58,4.83,4.83,4.75,4.83
80-248,5.3,3.33,3.67,2.89,4.22,3.0,3.11
80-252,7.25,4.83,4.75,4.92,4.92,4.92,4.83
80-256,7.0,4.33,4.0,4.0,5.0,3.67,3.67
80-288,7.4,4.6,3.8,4.0,5.0,4.0,3.8
80-311,8.0,4.55,3.68,3.82,4.77,3.82,3.64
80-314,8.0,3.5,3.0,3.5,4.5,3.0,2.5
80-330,7.06,4.88,4.56,4.63,4.81,4.5,4.56
80-382,11.44,4.67,3.78,3.78,4.78,3.89,3.44
80-405,6.24,4.59,4.24,4.0,4.82,4.12,4.0
80-413,8.6,4.4,4.4,4.6,4.8,4.4,4.2
80-419,8.6,5.0,4.2,5.0,5.0,5.0,5.0
80-484,7.12,4.63,4.25,4.63,4.88,4.63,4.44
80-602,10.25,5.0,4.625,4.75,5.0,5.0,5.0
80-617,6.5,5.0,5.0,5.0,5.0,5.0,5.0
80-618,6.0,5.0,4.67,5.0,5.0,5.0,4.67
80-619,5.0,5.0,4.0,5.0,5.0,4.5,4.0
80-705,10.5,4.83,5.0,4.83,4.83,4.33,4.5
80-713,12.5,4.25,3.25,4.25,4.75,4.25,4.25
80-719,9.2,5.0,4.8,4.8,5.0,4.8,4.8
80-811,3.6,4.915,4.635,4.915,4.915,4.915,4.915
80-816,12.0,4.67,4.67,4.0,4.67,4.33,4.33
80-836,8.6,4.8,4.4,4.6,5.0,4.8,5.0
82-101,9.6,4.904999999999999,4.904999999999999,4.8149999999999995,4.875,4.8149999999999995,4.8149999999999995
82-102,10.275,4.425,4.775,4.3,4.675,4.575,4.35
82-103,6.2,5.0,4.8,4.8,5.0,5.0,4.8
82-104,5.0,5.0,4.0,5.0,5.0,4.5,5.0
82-111,13.125,5.0,4.875,4.585,5.0,4.71,4.71
82-112,16.33,5.0,5.0,5.0,5.0,4.67,4.67
82-114,5.0,5.0,5.0,5.0,5.0,5.0,4.67
82-115,3.5,5.0,5.0,5.0,5.0,4.5,5.0
82-119,5.0,5.0,4.75,4.67,4.75,4.58,4.67
82-121,9.13,4.75,4.5,4.63,4.75,4.63,4.5
82-122,5.25,3.585,3.165,3.25,4.085,3.585,3.75
82-131,6.375,5.0,5.0,5.0,4.6899999999999995,5.0,5.0
82-132,7.715,4.845000000000001,4.215,4.154999999999999,4.93,4.07,4.145
82-133,6.215,4.970000000000001,4.83,4.75,4.915,4.86,4.805
82-135,9.2,5.0,5.0,5.0,5.0,5.0,5.0
82-137,6.115,5.0,5.0,4.835,4.885,4.845000000000001,4.68
82-141,7.0,4.83,4.75,4.83,4.92,4.92,4.83
82-142,8.6,4.699999999999999,4.699999999999999,5.0,4.9,4.699999999999999,4.4
82-143,7.4,4.2,2.4,4.0,4.6,3.4,3.4
82-144,5.0,4.0,1.0,5.0,5.0,4.0,3.0
82-162,7.25,5.0,5.0,4.75,5.0,4.75,4.875
82-163,11.0,4.5,4.0,4.5,4.5,4.5,4.5
82-171,11.64,5.0,4.75,5.0,5.0,5.0,4.75
82-172,10.27,4.8,4.8,4.74,4.84,4.74,4.84
82-173,8.19,4.81,4.94,4.8,4.8,4.73,4.44
82-174,6.29,4.71,4.71,4.71,4.71,4.71,4.71
82-192,8.0,5.0,5.0,5.0,5.0,5.0,5.0
82-201,5.75,4.75,3.625,3.75,5.0,4.0,3.75
82-202,7.1,4.7,4.7,4.5,4.6,4.6,4.5
82-212,9.0,5.0,5.0,4.67,5.0,5.0,5.0
82-215,6.71,4.71,4.71,4.43,4.57,4.57,4.71
82-217,9.63,5.0,5.0,5.0,5.0,4.75,4.88
82-221,7.5,5.0,5.0,5.0,5.0,5.0,5.0
82-222,6.2,5.0,5.0,5.0,5.0,5.0,5.0
82-231,9.0,5.0,5.0,5.0,4.67,4.67,5.0
82-232,7.5,5.0,5.0,5.0,5.0,4.83,4.83
82-241,9.29,4.86,4.43,4.71,4.86,4.57,4.57
82-242,11.0,4.6,4.3,4.5,4.3,4.5,3.8
82-245,9.0,5.0,3.67,4.67,5.0,4.33,4.0
82-265,9.5,5.0,5.0,5.0,5.0,5.0,5.0
82-271,16.34,4.865,4.955,4.775,4.91,4.82,4.775
82-272,17.82,4.535,4.57,4.535,4.93,4.75,4.465
82-273,8.23,4.38,4.0,4.31,4.62,4.25,4.19
82-278,6.01,4.445,4.135,4.4350000000000005,4.9350000000000005,4.475,4.529999999999999
82-279,10.25,4.5,4.75,4.5,4.75,4.75,5.0
82-283,5.0,5.0,4.83,5.0,5.0,4.86,4.71
82-284,8.75,4.75,4.0,4.25,4.75,4.0,4.0
82-286,10.09,4.82,4.475,4.76,4.82,4.82,4.76
82-292,8.0,4.0,3.0,2.0,4.0,3.0,2.0
82-294,7.0,5.0,4.67,5.0,5.0,4.67,5.0
82-303,7.25,4.75,5.0,4.5,5.0,5.0,4.75
82-304,6.8,4.8,4.8,4.6,4.6,4.8,4.8
82-305,5.0,5.0,4.0,5.0,5.0,4.67,4.67
82-323,8.0,4.8,5.0,4.6,5.0,4.8,4.6
82-332,7.75,4.83,4.835,4.915,4.915,4.915,4.835
82-333,7.8149999999999995,4.29,3.625,4.335,4.585,3.96,4.025
82-334,8.0,5.0,5.0,4.5,5.0,5.0,4.5
82-342,5.43,5.0,4.71,5.0,5.0,4.71,4.43
82-343,8.0,4.75,4.75,5.0,5.0,5.0,5.0
82-344,10.14,4.29,4.43,4.43,4.29,4.29,4.29
82-372,6.13,4.75,4.63,4.75,5.0,4.88,4.5
82-374,7.25,5.0,5.0,5.0,5.0,5.0,5.0
82-394,6.0,5.0,5.0,5.0,5.0,5.0,5.0
82-399,9.5,5.0,5.0,5.0,5.0,5.0,5.0
82-412,7.65,4.915,4.6899999999999995,4.859999999999999,4.75,4.835,4.915
82-414,6.5,3.0,4.0,2.0,3.5,2.5,2.5
82-416,7.0,5.0,4.0,5.0,5.0,4.67,4.33
82-426,7.4,5.0,4.4,4.6,5.0,5.0,4.8
82-440,5.0,4.86,4.57,4.57,5.0,4.71,4.57
82-451,9.29,3.57,3.29,3.43,3.57,3.0,3.14
82-474,9.5,5.0,5.0,5.0,5.0,5.0,5.0
82-499,5.0,5.0,5.0,5.0,5.0,5.0,5.0
82-505,14.0,5.0,5.0,5.0,5.0,5.0,5.0
82-522,7.0,5.0,5.0,5.0,5.0,5.0,5.0
82-532,5.0,5.0,4.0,5.0,5.0,5.0,5.0
82-542,5.0,5.0,5.0,5.0,5.0,5.0,5.0
82-580,2.38,4.88,4.63,4.5,5.0,4.63,4.13
82-780,3.8,4.8,5.0,5.0,5.0,5.0,4.8
82-888,8.0,5.0,4.67,4.75,5.0,4.75,4.33
84-265,7.46,4.12,4.15,4.23,4.46,3.85,3.46
84-275,7.32,4.41,3.43,4.46,4.73,4.19,4.03
84-313,8.0,5.0,5.0,4.0,5.0,4.0,4.0
84-322,8.0,4.17,4.17,4.67,5.0,4.17,4.33
84-324,11.2,3.6,3.4,3.4,3.8,3.6,3.6
84-325,8.75,4.88,4.38,4.38,4.88,4.75,4.75
84-331,6.5,4.63,4.0,4.75,4.75,4.63,4.63
84-336,7.1,5.0,5.0,5.0,5.0,5.0,4.9
84-348,5.3,5.0,4.8,4.9,5.0,4.9,4.9
84-360,8.67,3.83,3.67,3.67,4.67,3.5,3.67
84-372,4.67,4.56,3.89,4.56,4.56,4.33,4.44
84-387,7.0,3.44,2.44,4.22,4.78,3.67,3.67
84-389,6.33,4.67,3.67,4.89,4.78,4.44,4.56
84-390,5.0,4.57,4.43,5.0,4.43,4.43,4.29
84-402,10.0,4.91,4.36,4.91,5.0,5.0,4.91
84-450,5.75,4.29,3.67,4.43,4.67,4.14,4.29
84-602,5.0,5.0,3.0,4.0,5.0,5.0,5.0
84-613,11.0,4.6,3.8,3.8,5.0,4.0,3.8
84-625,7.25,5.0,4.25,4.75,5.0,4.75,4.5
84-672,8.0,4.67,4.33,4.33,4.67,4.33,4.33
84-687,7.67,4.0,3.89,4.22,4.33,4.13,4.13
84-690,6.5,5.0,5.0,5.0,5.0,5.0,5.0
84-720,14.0,4.0,3.0,4.0,4.0,3.5,3.5
84-750,5.0,4.33,3.33,3.33,3.33,3.67,3.67
85-102,9.365,4.555,4.29,4.71,4.68,4.605,4.5600000000000005
85-198,6.5,5.0,5.0,5.0,5.0,5.0,5.0
85-211,6.64,4.6,4.33,4.33,4.69,4.44,4.31
85-219,9.26,4.85,4.3,4.67,4.96,4.59,4.56
85-221,9.41,4.86,4.95,4.77,4.82,4.86,4.64
85-241,9.84,4.67,4.165,4.67,4.835,4.67,4.745
85-293,2.0,4.5,4.0,4.5,4.0,4.25,4.25
85-294,8.0,5.0,5.0,5.0,5.0,5.0,5.0
85-310,7.25,4.585,4.890000000000001,4.720000000000001,4.75,4.529999999999999,4.359999999999999
85-314,4.18,2.91,2.73,3.27,4.64,2.45,2.36
85-320,5.82,3.91,3.55,3.73,4.55,3.45,3.27
85-340,8.8,4.835,4.734999999999999,4.865,5.0,4.835,4.475
85-350,6.8,4.8,4.4,4.8,4.8,4.8,4.8
85-352,6.29,4.86,4.52,4.71,4.81,4.71,4.81
85-355,7.0,5.0,5.0,4.67,5.0,4.835,4.835
85-363,8.43,4.86,4.86,4.57,4.57,4.86,4.57
85-382,7.57,4.71,4.29,4.29,4.86,4.43,4.29
85-385,9.0,4.67,4.67,3.33,5.0,3.67,4.0
85-395,7.0,4.33,3.33,4.67,4.17,4.0,3.83
85-406,7.08,4.23,4.0,4.54,4.23,4.0,4.08
85-412,7.57,4.0,4.14,4.29,4.71,4.14,4.14
85-414,11.0,5.0,5.0,5.0,5.0,5.0,5.0
85-419,8.0,4.67,4.33,4.33,4.67,4.17,3.83
85-422,9.33,5.0,3.67,4.78,4.78,4.67,4.78
85-446,9.29,4.86,4.29,4.71,4.86,4.57,4.57
85-482,8.0,5.0,5.0,5.0,5.0,5.0,5.0
85-706,9.29,5.0,4.0,4.29,4.71,4.57,4.57
85-716,4.25,4.875,4.0,4.0,4.75,4.75,4.0
85-719,10.57,4.71,4.43,4.57,4.86,4.57,4.29
85-732,8.0,5.0,4.18,4.73,5.0,5.0,5.0
85-763,8.0,4.5,4.0,5.0,4.5,4.5,4.5
88-120,11.0,5.0,4.0,5.0,5.0,4.0,4.0
88-221,6.29,4.86,4.71,4.86,5.0,4.71,4.57
88-223,9.5,4.03,3.94,4.0,4.68,4.03,3.84
88-252,8.06,4.24,4.41,3.94,5.0,3.71,3.65
88-284,4.5,5.0,4.83,4.83,4.83,4.83,5.0
88-300,11.0,5.0,5.0,5.0,5.0,5.0,4.8
88-302,8.0,4.17,4.17,3.83,4.75,4.0,3.83
88-342,11.2,4.4,4.4,4.4,4.4,4.0,4.0
88-366,6.2,4.0,4.0,3.6,4.6,3.4,3.8
88-367,8.7,4.2,3.9,4.0,4.5,4.0,4.1
88-380,8.82,4.73,4.55,4.64,4.82,4.73,4.45
88-406,7.63,4.25,4.13,4.25,4.13,4.25,4.25
88-417,9.5,4.5,4.5,4.5,5.0,5.0,4.5
88-419,5.43,4.57,4.57,4.86,4.43,4.43,4.29
88-430,8.0,3.0,5.0,1.0,5.0,3.0,4.0
88-435,8.0,5.0,5.0,5.0,5.0,5.0,5.0
88-451,9.5,4.0,4.0,3.0,4.0,3.0,2.5
88-453,12.5,5.0,5.0,5.0,5.0,5.0,5.0
88-635,13.5,4.75,4.25,4.5,5.0,4.75,4.5
88-940,24.0,5.0,5.0,5.0,5.0,5.0,5.0
90-703,6.5,4.25,3.92,3.83,4.25,4.17,3.83
90-706,11.0,4.75,4.75,4.75,4.75,4.75,4.75
90-707,11.0,4.58,4.58,4.58,4.75,4.5,4.33
90-713,8.91,4.41,4.49,4.365,4.57,4.375,4.395
90-714,8.14,4.81,4.6,4.65,4.65,4.7,4.52
90-717,6.67,4.78,4.89,4.89,4.89,4.89,4.78
90-718,6.605,4.720000000000001,4.67,4.6850000000000005,4.855,4.609999999999999,4.385
90-722,14.04,4.5,4.0,4.35,4.3,4.45,4.5
90-723,7.125,4.33,4.11,4.46,4.47,4.1850000000000005,3.9800000000000004
90-724,14.75,4.67,4.42,4.5,4.67,4.5,4.5
90-725,5.68,3.4,2.67,3.07,3.07,2.87,2.8
90-728,11.165,4.35,3.92,4.365,4.55,4.365,4.145
90-731,5.75,4.25,3.38,4.31,4.75,3.94,3.56
90-734,9.0,4.33,3.0,4.0,4.33,4.0,4.33
90-738,12.67,4.67,4.75,4.78,4.67,4.67,4.78
90-744,8.62,4.15,3.47,3.85,4.65,3.71,3.5
90-745,13.05,3.95,3.3,4.1,3.8,4.1,3.6
90-747,9.85,4.0200000000000005,3.75,3.335,4.35,3.5,3.4850000000000003
90-760,12.52,4.42,4.06,4.53,4.47,4.58,4.64
90-765,6.0,4.78,4.33,4.56,4.78,4.33,4.33
90-774,19.0,5.0,4.5,5.0,5.0,5.0,5.0
90-781,9.33,4.44,4.33,4.56,4.89,4.67,4.56
90-782,8.25,4.67,4.64,4.67,4.75,4.67,4.75
90-783,8.9,5.0,4.1,3.9,5.0,4.7,4.0
90-788,6.8,4.7,4.2,4.4,4.8,4.6,4.3
90-789,9.58,4.82,4.42,4.08,4.82,4.25,4.25
90-801,6.71,4.92,4.75,4.92,4.92,4.83,4.75
90-802,6.83,4.61,4.56,4.29,4.82,4.35,4.28
90-804,7.54,4.85,4.77,4.85,4.85,4.85,4.77
90-812,8.97,4.68,4.42,4.43,4.93,4.63,4.35
90-818,9.5,4.75,4.0,4.0,5.0,4.5,4.25
90-823,9.35,4.8,4.47,4.55,4.85,4.58,4.43
90-824,6.83,4.83,4.56,4.72,5.0,4.89,4.83
90-831,5.18,3.76,3.35,3.59,4.71,2.82,2.82
90-832,6.5,4.83,4.33,4.75,5.0,4.83,4.83
90-833,4.4,2.6,1.9,2.4,2.5,2.0,1.8
90-834,10.21,4.74,4.11,4.37,4.89,4.42,4.58
90-839,6.5,5.0,4.83,4.83,5.0,5.0,5.0
90-842,7.33,3.67,3.11,3.78,3.89,3.22,3.11
90-846,7.08,4.54,3.92,4.31,4.54,4.08,4.15
90-847,12.25,4.63,4.25,4.63,4.75,4.5,4.63
90-850,7.92,4.58,4.25,4.33,4.5,4.42,4.42
90-865,6.33,5.0,4.67,4.89,5.0,4.89,4.56
90-866,8.75,3.21,3.125,2.955,3.58,2.795,2.46
90-871,3.5,4.5,4.0,5.0,5.0,4.5,4.5
90-875,8.0,5.0,5.0,5.0,5.0,5.0,5.0
90-877,5.0,3.9,2.6,2.9,4.3,3.0,2.7
90-883,7.5,3.61,3.56,3.5,3.67,3.11,3.06
90-885,5.0,4.8,4.13,4.67,4.93,4.67,4.53
90-891,8.0,4.5,4.0,4.0,5.0,4.0,4.0
90-892,8.6,4.6,4.2,3.8,5.0,4.0,3.8
90-893,5.6,4.6,4.3,4.7,5.0,4.4,4.6
90-902,4.0,5.0,5.0,5.0,5.0,5.0,5.0
90-907,9.71,4.71,4.29,4.57,5.0,4.71,4.57
90-932,8.0,5.0,5.0,5.0,5.0,5.0,5.0
90-934,5.0,5.0,5.0,5.0,5.0,5.0,5.0
90-938,8.0,5.0,5.0,5.0,5.0,5.0,5.0
90-945,6.5,5.0,5.0,5.0,5.0,5.0,5.0
90-966,5.0,5.0,5.0,5.0,5.0,5.0,5.0
90-971,9.5,5.0,4.5,5.0,5.0,5.0,4.5
91-717,6.25,4.83,4.83,4.27,4.91,4.73,4.55
91-729,10.6,4.5,4.25,4.4,4.75,4.5,4.25
91-803,8.43,3.57,3.43,3.69,3.54,3.46,3.43
91-809,5.53,4.94,4.0,4.76,4.88,4.71,4.65
91-855,8.0,4.86,4.86,4.86,4.86,4.86,4.86
91-869,5.12,4.675000000000001,4.55,4.66,4.6899999999999995,4.5649999999999995,4.675000000000001
93-716,5.16,4.32,3.11,4.05,4.84,3.79,3.74
93-717,4.4,4.8,4.8,4.6,4.6,4.2,4.4
93-732,8.63,4.42,4.13,4.67,4.54,4.58,4.46
93-751,4.63,2.75,2.63,2.71,3.38,2.5,2.38
93-772,6.5,5.0,5.0,5.0,5.0,5.0,5.0
93-804,6.62,4.85,3.92,4.77,4.77,4.54,4.69
93-807,6.2,4.8,4.2,4.4,4.8,4.2,3.8
93-812,6.91,4.0,2.64,3.0,3.91,2.27,2.55
93-821,7.78,4.78,3.89,4.3,4.89,4.26,3.93
93-826,5.72,4.84,4.16,4.72,4.88,4.64,4.64
93-827,6.57,4.61,4.3,3.83,4.78,3.83,3.83
93-844,6.64,3.91,3.18,3.36,4.55,3.3,3.55
93-846,7.5,4.83,4.33,4.0,4.33,4.17,3.67
94-700,6.65,4.7,3.875,4.52,4.7,4.515,4.225
94-706,11.0,4.64,3.71,4.29,5.0,4.07,4.15
94-728,10.04,4.23,3.92,4.0,4.58,4.0,3.85
94-774,11.04,4.574999999999999,4.43,4.605,4.77,4.52,4.4
94-775,16.43,4.21,3.93,4.14,4.29,3.86,3.86
94-800,5.6,4.4,3.93,4.0,4.27,4.2,4.27
94-801,6.0,4.92,5.0,4.75,4.92,4.83,4.82
94-802,13.21,4.71,4.65,4.654999999999999,4.970000000000001,4.68,4.635
94-806,10.27,3.93,3.47,4.33,4.73,3.93,3.87
94-808,11.31,4.85,4.85,4.92,4.92,4.69,4.77
94-811,8.43,4.1899999999999995,3.56,4.43,4.64,4.369999999999999,4.234999999999999
94-813,8.22,4.715,4.34,4.555,4.755000000000001,4.625,4.5600000000000005
94-823,7.06,4.31,4.0,4.19,4.69,4.25,4.0
94-824,6.2,4.8,4.8,5.0,5.0,4.8,4.8
94-827,11.8,4.0,3.8,3.8,4.4,3.6,4.0
94-830,8.0,4.42,4.11,4.28,4.72,4.0,3.95
94-832,7.369999999999999,4.165,3.9699999999999998,4.3149999999999995,4.65,4.18,4.105
94-834,8.97,4.03,3.44,3.41,4.5,3.42,3.62
94-835,9.33,4.23,3.51,3.35,4.67,3.52,3.72
94-840,5.43,4.29,3.43,4.29,4.71,4.0,4.0
94-842,9.15,2.69,2.31,2.23,3.46,2.15,2.08
94-843,5.0,4.6,4.4,4.6,4.8,4.4,4.4
94-846,5.6,4.7,3.4,4.6,4.8,4.1,4.3
94-854,6.08,4.96,4.83,4.68,4.88,4.84,4.88
94-855,3.5,2.5,1.5,2.5,2.0,1.5,1.5
94-866,8.38,4.09,3.79,3.83,4.359999999999999,3.825,3.775
94-867,10.79,4.75,4.46,4.68,4.93,4.71,4.71
94-870,8.0,4.31,4.27,3.92,4.55,4.31,4.0
94-881,7.91,4.805,4.74,4.785,4.970000000000001,4.65,4.449999999999999
94-883,5.55,4.91,3.82,4.18,4.91,4.27,4.09
94-884,9.434999999999999,4.18,3.48,3.99,4.295,3.885,3.9450000000000003
95-702,12.17,3.92,3.71,3.82,4.29,3.82,3.49
95-703,10.41,4.33,4.56,4.67,4.71,4.56,4.44
95-705,13.67,4.67,4.5,4.17,5.0,4.33,4.0
95-706,8.94,4.47,4.59,4.41,4.71,4.47,4.29
95-710,10.165,4.395,4.145,3.91,4.57,4.085,4.0
95-712,11.3,4.45,4.15,4.5,4.65,4.4,4.05
95-715,10.64,4.32,4.0600000000000005,4.279999999999999,4.57,4.195,4.15
95-716,9.2,3.87,3.67,3.73,3.56,3.53,3.5
95-717,7.4399999999999995,4.785,4.785,4.68,4.91,4.645,4.57
95-718,6.2,4.67,4.75,4.56,4.67,4.5,4.25
95-719,6.045,3.67,3.1900000000000004,3.84,3.125,3.455,3.46
95-722,9.065,4.26,3.69,4.005,4.595000000000001,3.85,3.665
95-730,11.015,4.025,3.43,3.975,3.9699999999999998,3.94,3.81
95-732,7.3,4.970000000000001,4.775,4.9399999999999995,4.970000000000001,4.970000000000001,4.970000000000001
95-733,10.525,4.475,4.16,4.34,4.74,4.25,4.1899999999999995
95-736,10.44,4.88,4.6,4.63,4.88,4.5,4.38
95-737,9.79,4.255,4.105,4.29,4.445,4.175,4.130000000000001
95-744,9.8,4.3,4.45,4.265000000000001,4.845,4.37,4.2
95-748,8.53,4.18,3.35,3.47,4.71,3.35,3.41
95-749,10.04,4.335,4.125,4.04,4.58,3.875,3.875
95-752,11.879999999999999,4.369999999999999,3.605,4.5,4.68,4.3,4.2
95-755,8.15,3.94,3.45,4.085,4.515000000000001,4.035,3.7
95-757,7.0,4.33,2.33,4.33,4.67,3.67,3.0
95-758,10.21,4.79,4.36,4.36,4.79,4.43,4.5
95-759,9.5,4.75,5.0,5.0,5.0,4.75,5.0
95-760,9.355,4.515000000000001,4.32,4.335,4.619999999999999,4.375,4.21
95-771,10.93,4.15,3.96,3.96,4.52,3.74,3.85
95-778,6.8,3.1,2.7,3.1,3.6,2.9,3.0
95-788,9.5,4.25,4.75,4.5,4.5,4.5,4.5
95-791,12.0,4.58,4.12,4.37,4.79,4.16,4.42
95-796,8.805,4.485,4.415,4.52,4.79,4.484999999999999,4.385
95-797,8.625,4.025,3.9,3.875,4.25,3.875,3.855
95-799,9.870000000000001,4.355,4.24,4.5,4.79,4.4,4.24
95-803,9.9,4.0,3.4299999999999997,3.52,4.335,3.3449999999999998,3.33
95-807,9.29,4.93,4.93,4.86,4.93,5.0,4.93
95-808,5.38,4.63,4.75,4.5,4.88,4.75,4.75
95-810,7.25,4.25,3.5,4.0,4.75,4.0,4.0
95-812,5.89,4.63,4.63,4.63,4.7,4.63,4.63
95-821,7.64,3.72,3.04,3.84,4.56,3.5,3.44
95-828,10.955,4.13,3.7800000000000002,3.825,4.26,3.835,3.945
95-832,10.25,4.4,4.35,4.32,4.55,4.25,4.2
95-845,11.6,3.9,3.7,3.8,4.8,3.7,3.7
95-851,8.75,3.94,3.58,3.83,4.64,3.75,3.75
95-855,15.4,3.4,3.2,3.2,4.1,3.4,3.6
95-865,13.1,4.5,4.15,4.5,4.75,4.44,4.39
95-866,8.87,4.31,4.1,4.1,4.56,4.05,3.92
95-868,11.635,4.45,4.415,4.3,4.715,4.42,4.42
95-869,9.08,3.435,3.365,3.335,4.21,3.38,3.24
95-874,4.89,3.81,3.48,3.56,3.93,3.52,3.48
95-878,8.0,4.0,4.0,4.0,5.0,4.0,3.0
95-881,5.0,3.67,3.83,4.17,4.17,3.83,3.67
95-882,7.18,3.27,3.45,3.36,3.55,3.18,3.18
95-883,18.7,4.8,4.6,4.4,4.8,4.7,4.6
95-884,8.94,4.63,4.25,4.755,4.875,4.63,4.625
95-885,10.12,4.88,4.76,4.76,4.94,4.82,4.65
95-888,8.58,3.985,3.79,4.02,4.595000000000001,3.8200000000000003,3.7
95-889,9.71,4.0,4.29,4.29,4.71,4.29,4.71
95-891,10.1,4.15,3.75,4.05,4.65,4.25,4.05
95-922,2.0,5.0,5.0,5.0,5.0,5.0,4.0
99-152,2.0,5.0,5.0,5.0,5.0,5.0,4.5
99-236,6.0,4.665,4.04,4.46,4.795,4.5,4.21
99-246,4.4,4.44,4.32,4.52,4.6,4.44,4.32
99-252,3.5,5.0,4.86,5.0,5.0,5.0,5.0
99-275,4.375,5.0,4.79,5.0,5.0,4.875,4.585
99-352,8.0,4.5,4.5,5.0,5.0,4.5,4.5
99-353,6.165,4.165,4.33,4.335,4.835,4.165,4.0
99-355,5.085,4.83,4.83,4.654999999999999,4.6850000000000005,4.73,4.654999999999999
99-357,5.3,4.465,4.535,4.734999999999999,4.9,4.635,4.2
99-358,5.045,4.73,4.485,4.630000000000001,4.654999999999999,4.73,4.73
99-359,5.140000000000001,4.865,4.574999999999999,4.925,4.875,4.8149999999999995,4.835
99-361,6.5,4.92,4.5,4.67,5.0,4.58,4.83
99-461,11.0,5.0,5.0,5.0,5.0,5.0,5.0
99-530,5.0,5.0,5.0,5.0,5.0,5.0,5.0
